1,"Russia",83.20873407271601
1,"Russia",70.2070147951423
1,"Russia",99.73552812093878
1,"Russia",88.09175509602787
1,"Russia",90.12375539252385
1,"Russia",94.10121123890164
1,"Russia",73.51427918204377
1,"Russia",94.75388786363058
1,"Russia",94.52067645879316
1,"Russia",101.77835600449939
1,"Russia",75.50680542751321
1,"Russia",90.96310296342773
1,"Russia",90.43016122930196
1,"Russia",86.49334514352586
1,"Russia",74.6037720475609
1,"Russia",114.53549011369111
1,"Russia",106.49401395975391
1,"Russia",87.2001261606677
1,"Russia",99.54235095530025
1,"Russia",78.26268187490193
1,"Russia",82.95685798361492
1,"Russia",96.4108229979799
1,"Russia",87.46337957232059
1,"Russia",83.54041581337265
1,"Russia",81.84966601201604
1,"Russia",94.80052861655955
1,"Russia",102.14406718467357
1,"Russia",78.65085705724766
1,"Russia",89.03113863970643
1,"Russia",76.11366774784052
1,"Russia",102.66751484609053
1,"Russia",89.44092087899878
1,"Russia",63.442493420143656
1,"Russia",89.55923865532169
1,"Russia",92.86616363135985
1,"Russia",102.17837642902404
1,"Russia",86.6424050829549
1,"Russia",88.47925442893872
1,"Russia",78.81735298811779
1,"Russia",94.5701550375188
1,"Russia",76.09621637359696
1,"Russia",85.59010245518864
1,"Russia",61.01924869793521
1,"Russia",93.36998308109835
1,"Russia",84.81064659652299
1,"Russia",88.08942664054356
1,"Russia",91.92062719269957
1,"Russia",83.7826478136934
1,"Russia",84.8625762613696
1,"Russia",85.19585934728872
1,"Russia",99.72497466115986
1,"Russia",111.11516376609976
1,"Russia",83.58760580826609
1,"Russia",79.49534338323946
1,"Russia",84.46234429140651
1,"Russia",106.3003354005855
1,"Russia",76.31784065357314
1,"Russia",87.6832633063061
1,"Russia",74.2969217249372
1,"Russia",74.99428042310655
1,"Russia",105.53699136617844
1,"Russia",88.92737724370306
1,"Russia",117.99812381707639
1,"Russia",93.47454735794466
1,"Russia",60.75241105914483
1,"Russia",86.81497964727228
1,"Russia",78.2454844132098
1,"Russia",91.09702921226688
1,"Russia",78.96184889773565
1,"Russia",96.93524027697322
1,"Russia",75.09753887903103
1,"Russia",92.60317363814326
1,"Russia",103.5818453921394
1,"Russia",105.32827626528055
1,"Russia",86.04842263513292
1,"Russia",96.44788554408153
1,"Russia",108.52835073785899
1,"Russia",76.78581066635299
1,"Russia",85.32912252904644
1,"Russia",95.79684308949845
1,"Russia",68.20191933903571
1,"Russia",80.01344755212217
1,"Russia",86.68286524932923
1,"Russia",91.10423579619248
1,"Russia",105.23441115318695
1,"Russia",113.85094330953869
1,"Russia",87.71112468527758
1,"Russia",77.42520696504398
1,"Russia",74.08405911310251
1,"Russia",96.60322213410693
1,"Russia",90.88440050231466
1,"Russia",84.74428542339093
1,"Russia",78.19768683176744
1,"Russia",83.74751198641715
1,"Russia",87.22374256615981
1,"Russia",73.59041896350156
1,"Russia",74.47732612874721
1,"Russia",62.076577259878064
1,"Russia",87.67869987439806
1,"Russia",72.62789383188081
1,"Russia",104.06477691815681
1,"Russia",80.68045460487389
1,"Russia",93.50951944639714
1,"Russia",74.93839889673099
1,"Russia",77.24707722343135
1,"Russia",85.5730909348154
1,"Russia",82.94635971405674
1,"Russia",75.4775165169591
1,"Russia",91.44281176757528
1,"Russia",85.03220139281197
1,"Russia",83.4742432626193
1,"Russia",88.32521216754037
1,"Russia",83.80729327544374
1,"Russia",96.27752249327769
1,"Russia",76.09110091695516
1,"Russia",67.62450170618197
1,"Russia",84.61387966359943
1,"Russia",97.19299193344807
1,"Bolivia",86.24315744201056
1,"Bolivia",85.81333244836429
1,"Bolivia",96.85763901557114
1,"Bolivia",98.22144714403271
1,"Bolivia",85.145776442463
1,"Bolivia",93.91727406591333
1,"Bolivia",107.97919347686434
1,"Bolivia",87.45728193331018
1,"Bolivia",97.52511492849293
1,"Bolivia",102.20756845469342
1,"Bolivia",96.0704153608809
1,"Bolivia",92.47490272221067
1,"Bolivia",98.86603076936953
1,"Bolivia",114.44039838975654
1,"Bolivia",97.17622405321976
1,"Bolivia",93.77920188145181
1,"Bolivia",102.42287173967502
1,"Bolivia",58.70808713951699
1,"Bolivia",73.9238009867556
1,"Bolivia",81.72177001443832
1,"Bolivia",106.04224479009324
1,"Bolivia",54.98686656488275
1,"Bolivia",103.6819075303174
1,"Bolivia",84.13776616668902
1,"Bolivia",106.07273289410456
1,"Bolivia",93.76373040843026
1,"Bolivia",82.55070823072163
1,"Bolivia",53.83256534136037
1,"Bolivia",78.54889151202273
1,"Bolivia",93.40699792784943
1,"Bolivia",107.60408016289267
1,"Bolivia",58.040525049408856
1,"Bolivia",102.75124688506665
1,"Bolivia",109.49979004568299
1,"Bolivia",99.2918958822159
1,"Bolivia",93.89723498884882
1,"Bolivia",77.85289012575782
1,"Bolivia",73.36984159719222
1,"Bolivia",46.64409083143713
1,"Bolivia",74.26070076309495
1,"Bolivia",64.98737337336898
1,"Bolivia",82.1503705868706
1,"Bolivia",99.69515444893796
1,"Bolivia",88.24671989627157
1,"Bolivia",97.962285590359
1,"Bolivia",99.79786717147333
1,"Bolivia",95.60468403946189
1,"Bolivia",71.41993821522128
1,"Bolivia",94.42272350719415
1,"Bolivia",77.69054241199942
1,"Bolivia",86.27965109487128
1,"Bolivia",92.54365221337619
1,"Bolivia",56.087169101800086
1,"Bolivia",104.58044309807927
1,"Bolivia",73.62549588604843
1,"Bolivia",113.62792816326413
1,"Bolivia",92.64456120816128
1,"Bolivia",96.4308935114473
1,"Bolivia",104.2945599457673
1,"Bolivia",75.93160174850377
1,"Bolivia",76.74720569811355
1,"Bolivia",86.32595768877131
1,"Bolivia",86.1146138913026
1,"Bolivia",87.54023232518294
1,"Bolivia",97.14630188979612
1,"Bolivia",79.00319638732918
1,"Bolivia",83.39740058683164
1,"Bolivia",75.52154098126695
1,"Bolivia",66.99363823222873
1,"Bolivia",71.98102429856986
1,"Bolivia",65.93841008413028
1,"Bolivia",114.05806552260233
1,"Bolivia",66.19664349942974
1,"Bolivia",93.33691899084359
1,"Bolivia",98.57282678379276
1,"Bolivia",83.21322571719274
1,"Bolivia",109.1411121825106
1,"Bolivia",71.80129617559261
1,"Bolivia",66.1296236990097
1,"Bolivia",89.8386913518743
1,"Bolivia",78.9082819879411
1,"Bolivia",78.3359307080963
1,"Bolivia",88.91360088650124
1,"Bolivia",102.09201783398952
1,"Bolivia",102.9915641256451
1,"Bolivia",107.22230091496549
1,"Bolivia",78.27699215131372
1,"Bolivia",98.34518684211767
1,"Bolivia",82.85688286409984
1,"Bolivia",92.65867601568576
1,"Bolivia",87.14122986411058
1,"Bolivia",94.71320363092141
1,"Bolivia",99.73539482453937
1,"Bolivia",81.01872264532884
1,"Bolivia",66.39427485952136
1,"Bolivia",79.52225926408654
1,"Bolivia",77.94903892242772
1,"Bolivia",96.28484081125752
1,"Bolivia",77.04622413978568
1,"Bolivia",83.21553976421302
1,"Bolivia",106.4151187393081
1,"Bolivia",95.31740969384083
1,"Bolivia",110.77640701734725
1,"Bolivia",98.06027669128696
1,"Bolivia",87.97150127431627
1,"Bolivia",84.83585377439982
1,"Bolivia",73.51689879491411
1,"Bolivia",61.054853056273885
1,"Bolivia",93.10230061014317
1,"Bolivia",86.86148494099832
1,"Bolivia",84.42096296001759
1,"Bolivia",102.0724666472949
1,"Bolivia",91.31371393269558
1,"Bolivia",101.05525211926522
1,"Bolivia",94.89125055426362
1,"Bolivia",120.5255155269013
1,"Bolivia",70.17933371616728
1,"Bolivia",93.01739287482123
1,"Bolivia",74.23079809814212
1,"Bolivia",90.66407845255637
2,"Qatar",102.46118321455667
2,"Qatar",71.1703124273351
2,"Qatar",75.19029985785627
2,"Qatar",103.96621267691731
2,"Qatar",132.02502657431822
2,"Qatar",103.70216346519226
2,"Qatar",76.01035021834814
2,"Qatar",97.7575149312501
2,"Qatar",115.28844299911263
2,"Qatar",123.18801057141044
2,"Qatar",63.15121936001759
2,"Qatar",67.4275575195136
2,"Qatar",112.43729018689139
2,"Qatar",86.2121765366929
2,"Qatar",44.848663947869994
2,"Qatar",66.27272385793069
2,"Qatar",112.23319895427169
2,"Qatar",45.94262681034006
2,"Qatar",80.43123691900493
2,"Qatar",117.6914328099329
2,"Qatar",100.01102213226832
2,"Qatar",67.37950966441898
2,"Qatar",103.94408454409299
2,"Qatar",122.15279771365333
2,"Qatar",111.77826269145311
2,"Qatar",112.40414752803132
2,"Qatar",87.27420720738459
2,"Qatar",94.46933079024211
2,"Qatar",103.40850166510805
2,"Qatar",103.42968806325707
2,"Qatar",81.04945092030059
2,"Qatar",92.7594221336635
2,"Qatar",102.66088981991567
2,"Qatar",115.12351420709098
2,"Qatar",90.81873479617946
2,"Qatar",87.925599141685
2,"Qatar",69.30053617587899
2,"Qatar",96.86586278833576
2,"Qatar",105.4653068588199
2,"Qatar",92.69037537889568
2,"Qatar",120.32245940485558
2,"Qatar",69.44183799940438
2,"Qatar",92.94494031367014
2,"Qatar",87.44037176044272
2,"Qatar",106.6081300860695
2,"Qatar",102.15590103395732
2,"Qatar",92.63002690045607
2,"Qatar",104.51455953204761
2,"Qatar",105.04177764682662
2,"Qatar",112.61183722588326
2,"Qatar",103.74269590557083
2,"Qatar",84.36266045857995
2,"Qatar",75.30316101098822
2,"Qatar",78.51119238227557
2,"Qatar",79.73920712188087
2,"Qatar",91.41172217389192
2,"Qatar",91.46275416606986
2,"Qatar",70.81574055390224
2,"Qatar",79.92021059688304
2,"Qatar",61.71501173218699
2,"Qatar",95.2242323182681
2,"Qatar",70.53548243633469
2,"Qatar",95.3855285886738
2,"Qatar",91.5939359927507
2,"Qatar",83.82643868801118
2,"Qatar",103.60907354677636
2,"Qatar",93.80324162168792
2,"Qatar",63.560178477481294
2,"Qatar",98.43047753646557
2,"Qatar",89.32520933406289
2,"Qatar",103.82533786265591
2,"Qatar",100.33723415820087
2,"Qatar",87.25707180148142
2,"Qatar",115.58057117660675
2,"Qatar",109.27791494055113
2,"Qatar",76.9876120312741
2,"Qatar",105.17256875169866
2,"Qatar",92.18859583076795
2,"Qatar",106.00539433144047
2,"Qatar",109.63382693463883
2,"Qatar",78.20245111279056
2,"Qatar",78.8817499023268
2,"Qatar",150.10172462045512
2,"Qatar",77.50352104039203
2,"Qatar",97.61114627938916
2,"Qatar",114.04383694001258
2,"Qatar",102.0612645788809
2,"Qatar",97.26992517398001
2,"Qatar",103.95718748379993
2,"Qatar",105.99119426864904
2,"Qatar",119.0260461920552
2,"Qatar",95.80377373313902
2,"Qatar",110.12128696790123
2,"Qatar",119.63177201247736
2,"Qatar",101.06575235667557
2,"Qatar",97.27845529879342
2,"Qatar",114.98026105178744
2,"Qatar",88.68069977523504
2,"Qatar",90.081179136295
2,"Qatar",84.37871770605247
2,"Qatar",85.14639883937052
2,"Qatar",121.47005837766032
2,"Qatar",127.74127808385897
2,"Qatar",112.64436623125574
2,"Qatar",109.3862253264698
2,"Qatar",103.32285917074648
2,"Qatar",72.8709887278112
2,"Qatar",80.62404996298372
2,"Qatar",107.3501044189188
2,"Qatar",112.77870591504549
2,"Qatar",141.87756369215606
2,"Qatar",106.02666852355081
2,"Qatar",109.7566295358355
2,"Qatar",101.85645489729794
2,"Qatar",97.4540000719157
2,"Qatar",113.28624939220023
2,"Qatar",97.88463595509084
2,"Qatar",111.22700095822944
2,"Qatar",100.27315762022282
2,"Thailand",87.28288819334784
2,"Thailand",70.91565396856781
2,"Thailand",100.1468654523269
2,"Thailand",120.46242223203856
2,"Thailand",138.26572328840226
2,"Thailand",81.77264538679856
2,"Thailand",92.8243009543204
2,"Thailand",65.94542136104346
2,"Thailand",90.28995235707335
2,"Thailand",114.9131186667445
2,"Thailand",84.1343387283661
2,"Thailand",89.58546268528993
2,"Thailand",113.55430579305994
2,"Thailand",95.57712755348797
2,"Thailand",96.56571978316109
2,"Thailand",125.9864553604676
2,"Thailand",92.72302686515779
2,"Thailand",94.05492538960394
2,"Thailand",95.31884222577546
2,"Thailand",90.58049554364607
2,"Thailand",51.81629236779545
2,"Thailand",99.21823145719308
2,"Thailand",104.33182489966498
2,"Thailand",88.1339498565705
2,"Thailand",87.54853598949464
2,"Thailand",117.23915822010517
2,"Thailand",90.76282102854019
2,"Thailand",86.9810555313118
2,"Thailand",113.42543913540739
2,"Thailand",63.432430237999526
2,"Thailand",105.02289680036344
2,"Thailand",73.78975196700506
2,"Thailand",100.05721610846784
2,"Thailand",103.81978746208372
2,"Thailand",75.67726893848429
2,"Thailand",84.94321778572859
2,"Thailand",77.00974526728318
2,"Thailand",90.2663838965947
2,"Thailand",79.99561068187207
2,"Thailand",72.50253829519383
2,"Thailand",77.94933917702971
2,"Thailand",92.5816158385902
2,"Thailand",102.62177000027013
2,"Thailand",78.61762427108405
2,"Thailand",110.50670255996887
2,"Thailand",102.45751228692524
2,"Thailand",106.74088779539903
2,"Thailand",131.42130568644268
2,"Thailand",105.37915798829847
2,"Thailand",92.93072226815781
2,"Thailand",73.35720292929531
2,"Thailand",58.055668854233026
2,"Thailand",61.68084891733764
2,"Thailand",62.95601908237953
2,"Thailand",66.65581428594213
2,"Thailand",96.48401666477501
2,"Thailand",113.43471684548892
2,"Thailand",120.83511617382433
2,"Thailand",90.6492104833589
2,"Thailand",69.2443263857351
2,"Thailand",110.56230333882753
2,"Thailand",62.79958643617131
2,"Thailand",99.80779632346253
2,"Thailand",113.17698806330856
2,"Thailand",80.07596794310426
2,"Thailand",107.71059866745249
2,"Thailand",99.51352564641043
2,"Thailand",52.59288832877952
2,"Thailand",79.03005566290649
2,"Thailand",95.72009564188974
2,"Thailand",95.58172063769715
2,"Thailand",106.98836309714702
2,"Thailand",76.82690209684691
2,"Thailand",97.9615053788798
2,"Thailand",94.66694871388563
2,"Thailand",70.0545784718757
2,"Thailand",63.92379498097965
2,"Thailand",92.69411374968209
2,"Thailand",73.32942139655206
2,"Thailand",110.19030294642641
2,"Thailand",92.28940282304467
2,"Thailand",116.80195686040572
2,"Thailand",89.05679687234125
2,"Thailand",73.67724694801883
2,"Thailand",56.58850176276322
2,"Thailand",99.91117480131334
2,"Thailand",119.0494983065824
2,"Thailand",100.41362758393319
2,"Thailand",93.86885547874829
2,"Thailand",77.47808369329275
2,"Thailand",129.45134218752034
2,"Thailand",72.19009556449612
2,"Thailand",127.44099135603179
2,"Thailand",85.40659000681347
2,"Thailand",66.96693665592042
2,"Thailand",85.26405904812837
2,"Thailand",61.836126602019256
2,"Thailand",105.89087332995504
2,"Thailand",108.79128658795537
2,"Thailand",130.86978255819224
2,"Thailand",55.61417644097223
2,"Thailand",80.21282855563948
2,"Thailand",114.86351424332825
2,"Thailand",118.27422769032566
2,"Thailand",111.07282275214281
2,"Thailand",96.52868329629048
2,"Thailand",66.20673444457606
2,"Thailand",112.52021805096676
2,"Thailand",105.93700095531894
2,"Thailand",90.3647714535748
2,"Thailand",88.09757121145333
2,"Thailand",101.76314976108314
2,"Thailand",108.15756081983086
2,"Thailand",107.59183056667536
2,"Thailand",104.40903068408002
2,"Thailand",75.2790806580927
2,"Thailand",87.36673753346558
2,"Thailand",92.39149422349442
2,"Thailand",94.93289694895066
2,"Thailand",78.29941954042545
2,"Thailand",88.59227794583472
2,"Thailand",100.81573133700215
2,"Thailand",77.91223989873512
2,"Thailand",101.12122352049005
2,"Thailand",79.21180656672125
2,"Thailand",100.81497234989448
2,"Thailand",109.39806710431228
2,"Thailand",126.67998578227983
2,"Thailand",91.72922013032857
3,"Haiti",84.24716805101656
3,"Haiti",70.16587428080204
3,"Haiti",98.13747319912828
3,"Haiti",99.40747807592315
3,"Haiti",102.29506921621527
3,"Haiti",93.67287910039678
3,"Haiti",104.65452491256193
3,"Haiti",91.45933955130013
3,"Haiti",84.88005954581688
3,"Haiti",80.05789421798217
3,"Haiti",86.53071646315136
3,"Haiti",96.10124916951601
3,"Haiti",79.00164760796353
3,"Haiti",83.930948160115
3,"Haiti",72.81424231398442
3,"Haiti",92.12542808031878
3,"Haiti",103.87815245944847
3,"Haiti",84.34836161060657
3,"Haiti",102.20222953832912
3,"Haiti",86.38796791985155
3,"Haiti",93.77458561695141
3,"Haiti",68.76057502905307
3,"Haiti",81.17043159150154
3,"Haiti",103.68996662557313
3,"Haiti",101.49306722241238
3,"Haiti",80.51670715385073
3,"Haiti",102.53912175856362
3,"Haiti",71.03971383836853
3,"Haiti",119.17687431321835
3,"Haiti",104.97605399102159
3,"Haiti",112.76251355664553
3,"Haiti",83.30264840549722
3,"Haiti",138.54047765098682
3,"Haiti",85.14197431387478
3,"Haiti",91.52764895971373
3,"Haiti",116.07438007528137
3,"Haiti",76.43109314572534
3,"Haiti",85.72607414710902
3,"Haiti",85.88417866719843
3,"Haiti",83.88370777145838
3,"Haiti",70.42516208391763
3,"Haiti",109.4058641455297
3,"Haiti",136.4894286263413
3,"Haiti",96.04430422662846
3,"Haiti",102.75824850182245
3,"Haiti",130.53773645447507
3,"Haiti",92.39090004212954
3,"Haiti",67.4703909834885
3,"Haiti",96.15430637940041
3,"Haiti",93.96641477509506
3,"Haiti",99.47084063527572
3,"Haiti",78.36952351005083
3,"Haiti",79.25705086408189
3,"Haiti",88.38450253511681
3,"Haiti",75.36168244973982
3,"Haiti",85.50116909361115
3,"Haiti",99.04758677421638
3,"Haiti",84.38011615695089
3,"Haiti",96.37358294554728
3,"Haiti",79.1215847676282
3,"Haiti",122.48387422446335
3,"Haiti",91.07704077964605
3,"Haiti",89.8591937301377
3,"Haiti",76.16714407183147
3,"Haiti",93.35390205136406
3,"Haiti",93.11480420483747
3,"Haiti",85.34040435468026
3,"Haiti",108.32270507414597
3,"Haiti",88.20026746791449
3,"Haiti",89.78690048220983
3,"Haiti",90.93968984721701
3,"Haiti",119.04058533628275
3,"Haiti",112.99342401792887
3,"Haiti",77.74430175702119
3,"Haiti",98.31000381126672
3,"Haiti",108.30722813233056
3,"Haiti",88.83045304274222
3,"Haiti",107.04625505583485
3,"Haiti",122.81736945275753
3,"Haiti",123.93163815322657
3,"Haiti",96.0078559441448
3,"Haiti",73.18583171295111
3,"Haiti",96.09354719144024
3,"Haiti",68.53571104754629
3,"Haiti",93.81325387871426
3,"Haiti",105.33333725855914
3,"Haiti",98.54636060535516
3,"Haiti",93.56564577523676
3,"Haiti",87.09760888523083
3,"Haiti",92.48950807827448
3,"Haiti",72.48689208780755
3,"Haiti",73.34956099594486
3,"Haiti",95.44903773664203
3,"Haiti",108.63751866760188
3,"Haiti",59.85504928739664
3,"Haiti",75.67983754909045
3,"Haiti",59.10689041868166
3,"Haiti",100.73792580379809
3,"Haiti",95.07990457234284
3,"Haiti",120.60035133715148
3,"Haiti",79.25800811629415
3,"Haiti",94.87973106521179
3,"Haiti",80.19802713001857
3,"Haiti",60.404695022590005
3,"Haiti",89.88208124197898
3,"Haiti",99.83630432997977
3,"Haiti",93.94145958858522
3,"Haiti",100.36119631039634
3,"Haiti",75.81203518435002
3,"Haiti",99.75302705634022
3,"Haiti",103.44606919648331
3,"Haiti",102.63186062499437
3,"Haiti",88.12603406587384
3,"Haiti",66.63164938373869
3,"Haiti",93.86832143288966
3,"Haiti",96.27954190205061
3,"Haiti",61.30716120556699
3,"Haiti",90.48212653913541
3,"Haiti",127.5451308543746
3,"Haiti",89.39479801697543
3,"Haiti",87.58629603791167
3,"Haiti",59.51567976516234
3,"Haiti",74.46659672448595
3,"Hong Kong",105.92004699388556
3,"Hong Kong",70.52401855484639
3,"Hong Kong",65.0345410570528
3,"Hong Kong",43.20360250190853
3,"Hong Kong",93.75115438851688
3,"Hong Kong",99.37713124156308
3,"Hong Kong",87.70924023668793
3,"Hong Kong",78.0694161065715
3,"Hong Kong",57.08939996781514
3,"Hong Kong",76.39267123006033
3,"Hong Kong",68.03213588187366
3,"Hong Kong",91.46054589148369
3,"Hong Kong",72.84771601256094
3,"Hong Kong",72.07659508340384
3,"Hong Kong",75.83447563275942
3,"Hong Kong",89.92047588133545
3,"Hong Kong",110.72112960809142
3,"Hong Kong",91.70572444211034
3,"Hong Kong",52.23015912966586
3,"Hong Kong",66.92578184021929
3,"Hong Kong",101.48155721544218
3,"Hong Kong",56.28425155226111
3,"Hong Kong",76.50432826454416
3,"Hong Kong",87.41347695702666
3,"Hong Kong",104.95973777862218
3,"Hong Kong",65.00049318570495
3,"Hong Kong",64.60355311200408
3,"Hong Kong",57.71558674809612
3,"Hong Kong",68.85290307146337
3,"Hong Kong",54.32134791392907
3,"Hong Kong",70.74495620104575
3,"Hong Kong",71.03696231115529
3,"Hong Kong",60.32601719824231
3,"Hong Kong",91.04492128912513
3,"Hong Kong",101.91415396307937
3,"Hong Kong",86.19274088052991
3,"Hong Kong",73.94181638470266
3,"Hong Kong",90.88169949154631
3,"Hong Kong",97.8123865191676
3,"Hong Kong",90.75078654852733
3,"Hong Kong",128.64982845814362
3,"Hong Kong",94.89045963966537
3,"Hong Kong",79.46071220390927
3,"Hong Kong",70.43151526515497
3,"Hong Kong",123.46303268284433
3,"Hong Kong",101.15650888658898
3,"Hong Kong",62.76685665638523
3,"Hong Kong",86.49645513024126
3,"Hong Kong",93.38577249347969
3,"Hong Kong",112.00050186246848
3,"Hong Kong",91.60405087042002
3,"Hong Kong",81.501272256766
3,"Hong Kong",78.56395076304563
3,"Hong Kong",102.75999999429251
3,"Hong Kong",92.58334936723463
3,"Hong Kong",80.25866641674824
3,"Hong Kong",95.7721675203928
3,"Hong Kong",101.06800024734194
3,"Hong Kong",75.8391056621727
3,"Hong Kong",95.91042497515551
3,"Hong Kong",82.15667864088095
3,"Hong Kong",80.83041509198185
3,"Hong Kong",98.53876267979547
3,"Hong Kong",65.65426828132759
3,"Hong Kong",97.43266520454522
3,"Hong Kong",88.25251959854559
3,"Hong Kong",54.64614061465793
3,"Hong Kong",67.77414918071216
3,"Hong Kong",96.52451196973406
3,"Hong Kong",87.25777353420882
3,"Hong Kong",106.97367856480653
3,"Hong Kong",80.78871485201502
3,"Hong Kong",48.283228159128164
3,"Hong Kong",104.25715757748361
3,"Hong Kong",75.96997360580315
3,"Hong Kong",92.12252168826481
3,"Hong Kong",115.00965653302069
3,"Hong Kong",87.71583786680117
3,"Hong Kong",112.55679563737392
3,"Hong Kong",98.2076070993989
3,"Hong Kong",81.51144000987593
3,"Hong Kong",62.236493864253944
3,"Hong Kong",73.06454567629741
3,"Hong Kong",96.72327276781162
3,"Hong Kong",76.209136080876
3,"Hong Kong",52.81229217409263
3,"Hong Kong",80.20382867764951
3,"Hong Kong",92.28735451760747
3,"Hong Kong",97.77533879503005
3,"Hong Kong",98.81973142521865
3,"Hong Kong",90.09718599539494
3,"Hong Kong",93.01904184508713
3,"Hong Kong",85.85540818616259
3,"Hong Kong",74.13811182378394
3,"Hong Kong",112.1973957155218
3,"Hong Kong",84.92265366177506
3,"Hong Kong",98.52948049906736
3,"Hong Kong",79.56195002208516
3,"Hong Kong",86.66598735759158
3,"Hong Kong",79.8894886825697
3,"Hong Kong",57.877489529953735
3,"Hong Kong",89.51190662857958
3,"Hong Kong",111.07331623473121
3,"Hong Kong",103.87966705577313
3,"Hong Kong",93.75151175022626
3,"Hong Kong",59.70366895388244
3,"Hong Kong",80.66877525472884
3,"Hong Kong",88.19477507879175
3,"Hong Kong",88.55884223517636
3,"Hong Kong",68.53396463538643
3,"Hong Kong",66.21465778369722
3,"Hong Kong",75.8803202155357
3,"Hong Kong",91.80451836224793
3,"Hong Kong",73.30984039054275
3,"Hong Kong",46.23968942809515
3,"Hong Kong",74.73945150626857
3,"Hong Kong",81.62394208527779
3,"Hong Kong",102.52291629946328
3,"Hong Kong",85.85498008540897
3,"Hong Kong",80.52115191718653
3,"Hong Kong",78.43920541233136
4,"Kiribati",100.05975129296225
4,"Kiribati",96.32251835076534
4,"Kiribati",100.89246530751971
4,"Kiribati",93.60652904008244
4,"Kiribati",121.31056572432226
4,"Kiribati",109.23918468749518
4,"Kiribati",103.55254600732516
4,"Kiribati",84.080947197115
4,"Kiribati",93.3968599379781
4,"Kiribati",92.79533663025445
4,"Kiribati",75.23278871704522
4,"Kiribati",91.62056334305576
4,"Kiribati",82.71046157629776
4,"Kiribati",110.40502802598108
4,"Kiribati",93.80452439647578
4,"Kiribati",92.46984950074564
4,"Kiribati",106.60299930816743
4,"Kiribati",123.51645790445872
4,"Kiribati",86.4294576031274
4,"Kiribati",100.36897830932018
4,"Kiribati",109.98251748134933
4,"Kiribati",78.45661763566368
4,"Kiribati",94.99789272116465
4,"Kiribati",79.78137648947177
4,"Kiribati",106.45040907951852
4,"Kiribati",93.15632171277772
4,"Kiribati",107.54274627929286
4,"Kiribati",103.19512660429662
4,"Kiribati",104.0894435720405
4,"Kiribati",105.02639803998021
4,"Kiribati",86.4651908408756
4,"Kiribati",103.37543282364912
4,"Kiribati",135.5251713965672
4,"Kiribati",97.98049922413573
4,"Kiribati",87.01083777225075
4,"Kiribati",72.73869812491523
4,"Kiribati",105.14520171267422
4,"Kiribati",92.37543048874471
4,"Kiribati",95.9929320569303
4,"Kiribati",92.6824144797118
4,"Kiribati",110.65531535072697
4,"Kiribati",91.51490078273167
4,"Kiribati",109.13590520607427
4,"Kiribati",98.36896732170713
4,"Kiribati",87.38223527891192
4,"Kiribati",99.67059563094801
4,"Kiribati",118.43801594037114
4,"Kiribati",100.41016797317002
4,"Kiribati",111.75746087547684
4,"Kiribati",100.18138801533784
4,"Kiribati",101.61779285375388
4,"Kiribati",101.94441045419664
4,"Kiribati",108.64836456730715
4,"Kiribati",108.9017607559736
4,"Kiribati",92.77027514067964
4,"Kiribati",105.22293594825541
4,"Kiribati",87.37104090080527
4,"Kiribati",113.91431916021529
4,"Kiribati",101.93758383480534
4,"Kiribati",102.25058981608835
4,"Kiribati",94.90733536493002
4,"Kiribati",117.25911967953702
4,"Kiribati",85.64916281167861
4,"Kiribati",116.31129947384356
4,"Kiribati",121.28746335133036
4,"Kiribati",95.65398653901791
4,"Kiribati",79.17291748876085
4,"Kiribati",92.23341246998729
4,"Kiribati",98.99610186696314
4,"Kiribati",91.71393978512495
4,"Kiribati",111.06481963109218
4,"Kiribati",95.36112835370749
4,"Kiribati",128.12303336850158
4,"Kiribati",78.83758478078511
4,"Kiribati",86.04863532848077
4,"Kiribati",86.53231238014737
4,"Kiribati",106.10186826029978
4,"Kiribati",112.40120656388588
4,"Kiribati",98.45529122768346
4,"Kiribati",108.149377412031
4,"Kiribati",99.5202604674444
4,"Kiribati",95.59206765071418
4,"Kiribati",110.33870764107834
4,"Kiribati",92.71576313497049
4,"Kiribati",84.63174404912684
4,"Kiribati",108.0998541222927
4,"Kiribati",91.48436197097615
4,"Kiribati",95.21078877379131
4,"Kiribati",95.6455258158212
4,"Kiribati",116.89779941688198
4,"Kiribati",81.27472224774448
4,"Kiribati",107.38293988460063
4,"Kiribati",95.1688684660784
4,"Kiribati",107.1820155550545
4,"Kiribati",100.2707431221522
4,"Kiribati",82.93958997663617
4,"Kiribati",86.90288706221055
4,"Kiribati",95.71271962610263
4,"Kiribati",90.78467390955026
4,"Kiribati",87.80787293386857
4,"Kiribati",93.16190612071783
4,"Kiribati",111.1009632442304
4,"Kiribati",105.26756508014574
4,"Kiribati",96.64528465390104
4,"Kiribati",76.4261756183677
4,"Kiribati",80.12367578095757
4,"Kiribati",96.62801262906665
4,"Australia",102.58484731883738
4,"Australia",108.72166766590945
4,"Australia",89.17638181316212
4,"Australia",104.07550358613257
4,"Australia",109.31111181233352
4,"Australia",105.25172123391638
4,"Australia",96.35897862261753
4,"Australia",100.61609345691394
4,"Australia",100.61014225763758
4,"Australia",100.26969576732364
4,"Australia",112.04849147285623
4,"Australia",104.80609693482891
4,"Australia",99.83212662184116
4,"Australia",84.21396931669815
4,"Australia",66.72897073756184
4,"Australia",88.4427846315483
4,"Australia",97.96812769979817
4,"Australia",88.65391498020354
4,"Australia",103.28330298449748
4,"Australia",102.44622589272822
4,"Australia",116.39249452270913
4,"Australia",88.41382672813545
4,"Australia",116.66159467686077
4,"Australia",104.1649095403006
4,"Australia",101.44182443483287
4,"Australia",90.71161345290062
4,"Australia",93.75793079301363
4,"Australia",98.65261534277617
4,"Australia",96.3004976491647
4,"Australia",103.3329886007088
4,"Australia",99.53393417733182
4,"Australia",93.91038366197152
4,"Australia",93.9782538969043
4,"Australia",91.85589120824434
4,"Australia",103.12086552679945
4,"Australia",107.14227137352515
4,"Australia",107.62268459583251
4,"Australia",90.19333764789184
4,"Australia",78.91894830797379
4,"Australia",123.87623997902915
4,"Australia",101.9591733783269
4,"Australia",76.09216274961906
4,"Australia",89.5445121533745
4,"Australia",96.74068302692925
4,"Australia",84.50398269454105
4,"Australia",82.32280254933055
4,"Australia",94.88691514328247
4,"Australia",105.46801089096425
4,"Australia",91.07437495666476
4,"Australia",94.88470107630143
4,"Australia",109.98708531610808
4,"Australia",100.91109262933605
4,"Australia",96.22903513026017
4,"Australia",77.70479828745755
4,"Australia",99.15237090815789
4,"Australia",93.79225343920695
4,"Australia",109.99737481312856
4,"Australia",98.43956222542425
4,"Australia",102.27216448998578
4,"Australia",81.1041961262539
4,"Australia",108.96646626665382
4,"Australia",91.06932947001923
4,"Australia",83.5528689117465
4,"Australia",112.32484097246544
4,"Australia",95.2800777023887
4,"Australia",118.04275668156653
4,"Australia",106.4300639593214
4,"Australia",108.46489424035002
4,"Australia",111.86742479602147
4,"Australia",103.37613022298835
4,"Australia",108.33119640516195
4,"Australia",104.01362901108766
4,"Australia",108.61227030964038
4,"Australia",98.19758437976776
4,"Australia",102.05297467479305
4,"Australia",88.24238538270487
4,"Australia",109.63307976403014
4,"Australia",99.52872477046553
4,"Australia",111.52288705729346
4,"Australia",91.23670488010569
4,"Australia",113.1945857698723
4,"Australia",100.69423506259052
4,"Australia",102.03415921563175
4,"Australia",105.64775436088732
4,"Australia",80.58919261865893
4,"Australia",84.55290750108419
4,"Australia",114.10667431926977
4,"Australia",112.61698445579754
4,"Australia",97.87802795214425
4,"Australia",100.40660346948464
4,"Australia",86.20895000681993
4,"Australia",124.83530708505609
4,"Australia",112.80347930516537
4,"Australia",103.84197644264248
4,"Australia",85.92191070098062
4,"Australia",81.60974682202432
4,"Australia",102.1853540918933
4,"Australia",92.82957477687759
4,"Australia",103.4707549283375
4,"Australia",103.64692702696951
4,"Australia",100.60711568309593
4,"Australia",93.07515996146498
4,"Australia",98.6585367839113
4,"Australia",110.90751223585914
4,"Australia",101.37962443898115
5,"Malaysia",95.53117104368562
5,"Malaysia",114.99380565403506
5,"Malaysia",139.27644785311767
5,"Malaysia",76.38031002213589
5,"Malaysia",57.77266515983294
5,"Malaysia",88.5838104163911
5,"Malaysia",46.054605483751594
5,"Malaysia",110.56230190921151
5,"Malaysia",102.71837971692528
5,"Malaysia",73.1456908135418
5,"Malaysia",108.71260183598956
5,"Malaysia",55.419742069489246
5,"Malaysia",88.52633119086913
5,"Malaysia",80.49944948408566
5,"Malaysia",111.47109367249044
5,"Malaysia",63.84765446935596
5,"Malaysia",85.99662778423277
5,"Malaysia",52.950897405647396
5,"Malaysia",65.15338685068411
5,"Malaysia",112.65110655481018
5,"Malaysia",95.88973157090398
5,"Malaysia",55.60834432226481
5,"Malaysia",76.65939232141466
5,"Malaysia",79.62681142771044
5,"Malaysia",110.13766144734942
5,"Malaysia",40.07859717742388
5,"Malaysia",78.0460896108019
5,"Malaysia",58.60355788686587
5,"Malaysia",76.39757241977259
5,"Malaysia",76.69733409294425
5,"Malaysia",81.21702473485415
5,"Malaysia",51.576079062674516
5,"Malaysia",72.35403000996561
5,"Malaysia",101.71818267478734
5,"Malaysia",107.66231071191679
5,"Malaysia",68.29365024368593
5,"Malaysia",82.48310717855804
5,"Malaysia",96.5509528755452
5,"Malaysia",108.75829305454039
5,"Malaysia",80.50137513784878
5,"Malaysia",56.71485004539772
5,"Malaysia",92.05172430871409
5,"Malaysia",78.68067280431453
5,"Malaysia",107.4319049358561
5,"Malaysia",43.19955377678088
5,"Malaysia",76.58504763912137
5,"Malaysia",98.19130484270822
5,"Malaysia",50.77521237073027
5,"Malaysia",85.06572736490355
5,"Malaysia",96.66611422459691
5,"Malaysia",79.13753817481212
5,"Malaysia",79.74555218435111
5,"Malaysia",94.83123746555935
5,"Malaysia",85.83167349598641
5,"Malaysia",49.13262153601016
5,"Malaysia",58.606422936416934
5,"Malaysia",68.42382877968365
5,"Malaysia",58.34380264210835
5,"Malaysia",92.7544997449744
5,"Malaysia",132.08218760960406
5,"Malaysia",111.78505389355774
5,"Malaysia",105.37745700745754
5,"Malaysia",124.29194771162156
5,"Malaysia",125.75315129118142
5,"Malaysia",104.55762071056776
5,"Malaysia",102.48344853846602
5,"Malaysia",102.8950939696084
5,"Malaysia",76.79905267481048
5,"Malaysia",111.3350458221222
5,"Malaysia",105.18570175232526
5,"Malaysia",79.14419739609005
5,"Malaysia",104.77975665219668
5,"Malaysia",82.12545796264676
5,"Malaysia",59.68854961085525
5,"Malaysia",107.46167996309845
5,"Malaysia",76.28767059270808
5,"Malaysia",85.08003869425133
5,"Malaysia",79.09293717627123
5,"Malaysia",86.42096438767504
5,"Malaysia",99.29690616800335
5,"Malaysia",81.90339658312067
5,"Malaysia",109.46579080307554
5,"Malaysia",71.53158251308274
5,"Malaysia",60.99036827919626
5,"Malaysia",75.35595278616537
5,"Malaysia",74.61619358150895
5,"Malaysia",102.14071968599406
5,"Malaysia",112.85481348805567
5,"Malaysia",69.84502043814989
5,"Malaysia",84.05579309316865
5,"Malaysia",84.78686139270887
5,"Malaysia",59.624561403709095
5,"Malaysia",94.56194759961511
5,"Malaysia",88.78671499552858
5,"Malaysia",113.36053545286624
5,"Malaysia",81.95638850606656
5,"Malaysia",82.9747281903201
5,"Malaysia",75.65909732589373
5,"Malaysia",114.94062456754483
5,"Malaysia",71.29125017184842
5,"Malaysia",77.49001770599533
5,"Malaysia",70.47311660012744
5,"Malaysia",101.50277203292978
5,"Malaysia",65.57505452650132
5,"Malaysia",104.01775376031509
5,"Malaysia",68.37856395648092
5,"Malaysia",85.95668690297266
5,"Malaysia",63.01485523376604
5,"Malaysia",87.82851553150996
5,"Malaysia",118.09143678567001
5,"Malaysia",86.89302666615072
5,"Malaysia",74.99147730000011
5,"Malaysia",59.95299045994893
5,"Malaysia",61.58872850396895
5,"Malaysia",113.97116303237107
5,"Malaysia",67.82769883995806
5,"Malaysia",95.82229170403718
5,"Malaysia",59.24653730629716
5,"Malaysia",110.55132878017282
5,"Malaysia",74.71392645037734
5,"Malaysia",95.83277290037347
5,"Malaysia",128.41457727452192
5,"Malaysia",56.866062274000925
5,"Malaysia",98.96678550621766
5,"Malaysia",83.57519327077468
5,"Malaysia",77.8492322931098
5,"Malaysia",70.14937853119547
5,"Malaysia",78.13959603639815
5,"Malaysia",91.12378498197388
5,"Malaysia",108.67994131486238
5,"Malaysia",110.7702811374949
5,"Malaysia",125.2290900128107
5,"Malaysia",87.62259858465582
5,"Malaysia",89.81278942348408
5,"Malaysia",79.69609162626065
5,"Malaysia",86.53023190243537
5,"Malaysia",85.99238202747719
5,"Malaysia",66.02588029791835
5,"Malaysia",88.4950031219708
5,"Malaysia",67.30931966707848
5,"Vietnam",97.2383513804437
5,"Vietnam",32.05661981025464
5,"Vietnam",94.7986832886599
5,"Vietnam",85.28466178261776
5,"Vietnam",83.21608034572924
5,"Vietnam",115.79166390126589
5,"Vietnam",118.12755354245803
5,"Vietnam",88.08903982784936
5,"Vietnam",122.24364189480269
5,"Vietnam",57.616888306205084
5,"Vietnam",80.46721946708179
5,"Vietnam",149.1420393799745
5,"Vietnam",107.2084203096653
5,"Vietnam",122.68657097720333
5,"Vietnam",99.67232710553219
5,"Vietnam",109.60676028743262
5,"Vietnam",123.41399307161484
5,"Vietnam",66.39942372939886
5,"Vietnam",49.40753827759946
5,"Vietnam",122.91025604121344
5,"Vietnam",70.42681193946004
5,"Vietnam",93.43456457750418
5,"Vietnam",79.00866674685716
5,"Vietnam",68.78815840164371
5,"Vietnam",89.54648264603932
5,"Vietnam",62.865043789153304
5,"Vietnam",95.85416946448163
5,"Vietnam",82.16101615768288
5,"Vietnam",92.57442281503671
5,"Vietnam",100.94215054711094
5,"Vietnam",86.29533873858021
5,"Vietnam",78.66368740686646
5,"Vietnam",107.74260991010014
5,"Vietnam",76.8273607727783
5,"Vietnam",105.34177611633001
5,"Vietnam",109.97990298114897
5,"Vietnam",90.86729859928154
5,"Vietnam",106.72928578646707
5,"Vietnam",46.12193596499831
5,"Vietnam",122.01262672422894
5,"Vietnam",87.18591144122573
5,"Vietnam",76.58386074590557
5,"Vietnam",87.26500818283671
5,"Vietnam",25.865188623470083
5,"Vietnam",107.2338051180459
5,"Vietnam",92.24092303642446
5,"Vietnam",89.51648295115973
5,"Vietnam",67.81691877034525
5,"Vietnam",104.2566762077279
5,"Vietnam",83.2012717154642
5,"Vietnam",72.85455220931408
5,"Vietnam",63.552381447623226
5,"Vietnam",66.56877516394772
5,"Vietnam",139.8993511264948
5,"Vietnam",47.026029215342966
5,"Vietnam",74.55934248511164
5,"Vietnam",109.78439941556992
5,"Vietnam",76.57242815966347
5,"Vietnam",122.92249278791189
5,"Vietnam",87.8974978476898
5,"Vietnam",87.87658734912938
5,"Vietnam",133.30532244799772
5,"Vietnam",93.49074673284164
5,"Vietnam",103.23439523977052
5,"Vietnam",46.91121855402495
5,"Vietnam",111.03648434366261
5,"Vietnam",143.20910520122936
5,"Vietnam",73.9744229814209
5,"Vietnam",103.22630863295335
5,"Vietnam",83.43532608256734
5,"Vietnam",91.74454880182542
5,"Vietnam",102.00492632204228
5,"Vietnam",54.666277585429484
5,"Vietnam",106.42227684461261
5,"Vietnam",146.52457642723422
5,"Vietnam",75.93612813747711
5,"Vietnam",65.99811558631502
5,"Vietnam",112.16664807825175
5,"Vietnam",65.20396787771573
5,"Vietnam",81.27538225617076
5,"Vietnam",106.04814827814519
5,"Vietnam",64.12787629454112
5,"Vietnam",93.26190913040355
5,"Vietnam",128.54153062553252
5,"Vietnam",76.25826434049812
5,"Vietnam",121.42876029565298
5,"Vietnam",127.86476943136148
5,"Vietnam",90.6786135001214
5,"Vietnam",124.1712409015984
5,"Vietnam",111.02197516237436
5,"Vietnam",58.55848900392758
5,"Vietnam",105.30491426681905
5,"Vietnam",94.1152039562176
5,"Vietnam",52.44316712217859
5,"Vietnam",60.349217149662735
5,"Vietnam",103.83806822061257
5,"Vietnam",96.3107925982225
5,"Vietnam",89.74168600433897
5,"Vietnam",38.78572291693114
5,"Vietnam",75.71560285213377
5,"Vietnam",84.77583003112251
5,"Vietnam",73.85398755603505
5,"Vietnam",72.6478692320373
5,"Vietnam",101.45540141754344
5,"Vietnam",93.29417264935798
5,"Vietnam",97.65453250531823
5,"Vietnam",73.22635969081615
5,"Vietnam",92.22113698090807
5,"Vietnam",61.79738727824664
5,"Vietnam",61.623748534539466
5,"Vietnam",106.6007008173017
5,"Vietnam",116.65251588186462
5,"Vietnam",98.08433334377335
5,"Vietnam",75.79039634823593
5,"Vietnam",86.52832307690728
5,"Vietnam",77.0161295975265
5,"Vietnam",79.08589755072627
5,"Vietnam",100.86294616248048
5,"Vietnam",82.4846934006593
5,"Vietnam",80.42320128537267
6,"Macau",102.7867616675076
6,"Macau",100.17025520511724
6,"Macau",83.66683864571458
6,"Macau",121.12094092833661
6,"Macau",73.69871068299338
6,"Macau",74.07716797438194
6,"Macau",117.66132839358484
6,"Macau",64.23799699794202
6,"Macau",93.46146922398741
6,"Macau",113.43882502888509
6,"Macau",94.976450594004
6,"Macau",99.00782929743441
6,"Macau",96.01507753125632
6,"Macau",110.96760193821628
6,"Macau",74.68266922788686
6,"Macau",77.6710916098816
6,"Macau",96.2352531804617
6,"Macau",154.2351984664891
6,"Macau",97.23483709582267
6,"Macau",126.98139901886833
6,"Macau",87.5388507616589
6,"Macau",76.31056283544368
6,"Macau",103.84287141389403
6,"Macau",72.12484342991236
6,"Macau",66.56009109080415
6,"Macau",105.08830737073183
6,"Macau",109.42419740447683
6,"Macau",122.19911852177583
6,"Macau",85.20059925487561
6,"Macau",92.27366619931574
6,"Macau",86.26838873542908
6,"Macau",110.66057073006883
6,"Macau",105.07755656714832
6,"Macau",100.38521301179551
6,"Macau",106.9565811037577
6,"Macau",123.5739688452978
6,"Macau",82.98567814464151
6,"Macau",104.11429234067334
6,"Macau",123.81896338572255
6,"Macau",78.33359594661128
6,"Macau",109.6905332580718
6,"Macau",120.37504047355354
6,"Macau",100.71135232695191
6,"Macau",92.96394613536124
6,"Macau",118.53330763353082
6,"Macau",118.75991130690132
6,"Macau",126.48949730105244
6,"Macau",118.40917199951187
6,"Macau",106.97324242863178
6,"Macau",108.59236060256421
6,"Macau",93.78958232492431
6,"Macau",99.38476477943024
6,"Macau",127.2997248300004
6,"Macau",84.3369522091156
6,"Macau",101.34172243244126
6,"Macau",98.49074169898104
6,"Macau",139.24898553066106
6,"Macau",130.7035643133807
6,"Macau",83.34527394332318
6,"Macau",136.41429649261508
6,"Macau",93.98314936551442
6,"Macau",134.64923858817244
6,"Macau",135.39666620242048
6,"Macau",102.74562856549096
6,"Macau",128.19845034260078
6,"Macau",105.31509043424492
6,"Macau",80.03914626124349
6,"Macau",131.49465304497485
6,"Macau",99.34253742993417
6,"Macau",96.14253170517784
6,"Macau",111.35192540464412
6,"Macau",99.82808656321656
6,"Macau",94.46940226269257
6,"Macau",90.93308724620023
6,"Macau",102.54230760708663
6,"Macau",97.14321801574408
6,"Macau",118.95360272777681
6,"Macau",100.87458241432387
6,"Macau",112.35603683768412
6,"Macau",103.47369922951839
6,"Macau",87.79755103669358
6,"Macau",118.87796950656812
6,"Macau",90.64970265416738
6,"Macau",80.34334032374024
6,"Macau",89.69910446608309
6,"Macau",112.46207992750712
6,"Macau",85.28469012387468
6,"Macau",96.84171572911492
6,"Macau",74.14088231593566
6,"Macau",93.02038181247573
6,"Macau",116.92649519792444
6,"Macau",91.13586159515151
6,"Macau",71.70743170616328
6,"Macau",89.05669874645167
6,"Macau",53.88543947743198
6,"Macau",105.12424480115692
6,"Macau",142.0381291070207
6,"Macau",105.25605666854449
6,"Macau",90.38827009044522
6,"Macau",119.60189203164859
6,"Macau",76.44660284925712
6,"Macau",75.7490764281185
6,"Macau",86.86741154096315
6,"Macau",116.46437939981847
6,"Macau",82.46331693645057
6,"Macau",99.50342450978471
6,"Macau",81.37854034947142
6,"Macau",72.99448366847798
6,"Macau",113.19849115320363
6,"Macau",98.2693577349838
6,"Macau",116.79264084314649
6,"Macau",89.6490163599353
6,"Macau",112.12971595810447
6,"Macau",132.47687833011523
6,"Macau",84.9193544623674
6,"Macau",127.49838331837678
6,"Macau",66.24763627289471
6,"Macau",139.10557300169194
6,"Macau",97.03142719021108
6,"Macau",69.52950872054006
6,"Macau",114.22431064058041
6,"Macau",128.66644122023794
6,"Macau",94.52380797870258
6,"Macau",110.68231835494707
6,"Macau",96.18116536183427
6,"Macau",80.32639092487277
6,"Macau",91.92092429251548
6,"Macau",84.40868832672486
6,"Macau",143.47289270868995
6,"Macau",73.88481785934833
6,"Macau",82.71796485157931
6,"Wallis and Futuna Islands",106.9000247001831
6,"Wallis and Futuna Islands",91.70317672784435
6,"Wallis and Futuna Islands",82.39502621486737
6,"Wallis and Futuna Islands",100.0614285661485
6,"Wallis and Futuna Islands",56.047209511344235
6,"Wallis and Futuna Islands",127.19338060101194
6,"Wallis and Futuna Islands",108.01395480006511
6,"Wallis and Futuna Islands",81.12310419657273
6,"Wallis and Futuna Islands",100.42322462674605
6,"Wallis and Futuna Islands",102.81540705428895
6,"Wallis and Futuna Islands",81.10052649781252
6,"Wallis and Futuna Islands",103.05210586290694
6,"Wallis and Futuna Islands",102.01387381515553
6,"Wallis and Futuna Islands",81.88310744306365
6,"Wallis and Futuna Islands",97.06383001945296
6,"Wallis and Futuna Islands",110.336659960579
6,"Wallis and Futuna Islands",81.97479892651137
6,"Wallis and Futuna Islands",91.0793553667297
6,"Wallis and Futuna Islands",128.85176982364908
6,"Wallis and Futuna Islands",119.09411400040945
6,"Wallis and Futuna Islands",102.71105116717459
6,"Wallis and Futuna Islands",57.22286228828861
6,"Wallis and Futuna Islands",102.59575490677625
6,"Wallis and Futuna Islands",51.290860365758945
6,"Wallis and Futuna Islands",106.97659643007567
6,"Wallis and Futuna Islands",102.25852777312211
6,"Wallis and Futuna Islands",81.88850669990151
6,"Wallis and Futuna Islands",94.45375047214785
6,"Wallis and Futuna Islands",87.19569592457837
6,"Wallis and Futuna Islands",135.14944030052436
6,"Wallis and Futuna Islands",107.88644977045057
6,"Wallis and Futuna Islands",113.2495985851582
6,"Wallis and Futuna Islands",103.63125620977203
6,"Wallis and Futuna Islands",133.41243627441955
6,"Wallis and Futuna Islands",80.35980889296184
6,"Wallis and Futuna Islands",141.8853664513811
6,"Wallis and Futuna Islands",103.46496874047858
6,"Wallis and Futuna Islands",116.921687382321
6,"Wallis and Futuna Islands",163.2262258033851
6,"Wallis and Futuna Islands",54.92417363594407
6,"Wallis and Futuna Islands",70.62408687958163
6,"Wallis and Futuna Islands",89.17675557106264
6,"Wallis and Futuna Islands",93.23138720634635
6,"Wallis and Futuna Islands",84.49823720799795
6,"Wallis and Futuna Islands",84.00144033729026
6,"Wallis and Futuna Islands",110.13516029252361
6,"Wallis and Futuna Islands",100.3855995501215
6,"Wallis and Futuna Islands",82.21546821010868
6,"Wallis and Futuna Islands",113.78624947389434
6,"Wallis and Futuna Islands",145.25553059817935
6,"Wallis and Futuna Islands",120.7126570996055
6,"Wallis and Futuna Islands",96.57046543121486
6,"Wallis and Futuna Islands",102.58562806334314
6,"Wallis and Futuna Islands",109.2180356482721
6,"Wallis and Futuna Islands",119.20286901735635
6,"Wallis and Futuna Islands",91.3650209909039
6,"Wallis and Futuna Islands",95.12490225909382
6,"Wallis and Futuna Islands",146.37790298329116
6,"Wallis and Futuna Islands",97.18966782430921
6,"Wallis and Futuna Islands",72.72699208467792
6,"Wallis and Futuna Islands",106.23682988280997
6,"Wallis and Futuna Islands",94.837027259899
6,"Wallis and Futuna Islands",128.6909580384626
6,"Wallis and Futuna Islands",92.18279958536355
6,"Wallis and Futuna Islands",89.67747267850477
6,"Wallis and Futuna Islands",131.05553511225983
6,"Wallis and Futuna Islands",122.68840474896197
6,"Wallis and Futuna Islands",97.95232202425947
6,"Wallis and Futuna Islands",136.39108615721688
6,"Wallis and Futuna Islands",101.64913791251773
6,"Wallis and Futuna Islands",93.04402884709413
6,"Wallis and Futuna Islands",94.65014095997942
6,"Wallis and Futuna Islands",129.0834156139724
6,"Wallis and Futuna Islands",117.43878931841796
6,"Wallis and Futuna Islands",94.23416861006088
6,"Wallis and Futuna Islands",104.9739663551516
6,"Wallis and Futuna Islands",90.42280454718305
6,"Wallis and Futuna Islands",108.40512787138165
6,"Wallis and Futuna Islands",81.81230133492295
6,"Wallis and Futuna Islands",122.4416580601666
6,"Wallis and Futuna Islands",77.54758105968925
6,"Wallis and Futuna Islands",80.49141281093479
6,"Wallis and Futuna Islands",119.62356170381196
6,"Wallis and Futuna Islands",99.35343345908115
6,"Wallis and Futuna Islands",103.45607219894703
6,"Wallis and Futuna Islands",123.3774286048984
6,"Wallis and Futuna Islands",114.79849683360614
6,"Wallis and Futuna Islands",84.6458081216752
6,"Wallis and Futuna Islands",81.9548074166986
6,"Wallis and Futuna Islands",128.22106687163895
6,"Wallis and Futuna Islands",66.37942801229057
6,"Wallis and Futuna Islands",102.70563095369418
6,"Wallis and Futuna Islands",95.95833671780528
6,"Wallis and Futuna Islands",115.48292661114101
6,"Wallis and Futuna Islands",134.8176130976749
6,"Wallis and Futuna Islands",116.90204851340778
6,"Wallis and Futuna Islands",102.54968862743564
6,"Wallis and Futuna Islands",82.16458187557998
6,"Wallis and Futuna Islands",107.13535343122166
6,"Wallis and Futuna Islands",72.33577606703123
6,"Wallis and Futuna Islands",101.49550652570898
6,"Wallis and Futuna Islands",76.87585706184191
6,"Wallis and Futuna Islands",118.1955074534893
6,"Wallis and Futuna Islands",114.51771932516598
6,"Wallis and Futuna Islands",83.14298668731146
6,"Wallis and Futuna Islands",74.78549518794087
6,"Wallis and Futuna Islands",125.37917639564981
6,"Wallis and Futuna Islands",106.34024423964155
6,"Wallis and Futuna Islands",80.51887124467285
6,"Wallis and Futuna Islands",90.48463115458264
6,"Wallis and Futuna Islands",122.39568935703458
6,"Wallis and Futuna Islands",63.700333965929715
6,"Wallis and Futuna Islands",87.60643951816552
6,"Wallis and Futuna Islands",92.4876861913066
6,"Wallis and Futuna Islands",114.51760991028797
6,"Wallis and Futuna Islands",134.8187486911945
6,"Wallis and Futuna Islands",80.41578949564689
6,"Wallis and Futuna Islands",118.03918782143452
6,"Wallis and Futuna Islands",96.32681707565538
6,"Wallis and Futuna Islands",129.71853687086303
6,"Wallis and Futuna Islands",115.39693017649965
6,"Wallis and Futuna Islands",90.7832959471093
6,"Wallis and Futuna Islands",112.79840751100438
6,"Wallis and Futuna Islands",130.11604617434563
6,"Wallis and Futuna Islands",88.89065655156135
6,"Wallis and Futuna Islands",124.27483329788467
7,"Trinidad and Tobago",111.95087029291147
7,"Trinidad and Tobago",97.25406076492115
7,"Trinidad and Tobago",111.17875830480297
7,"Trinidad and Tobago",96.53258244629448
7,"Trinidad and Tobago",149.14565041629976
7,"Trinidad and Tobago",118.94758257907723
7,"Trinidad and Tobago",78.3899055595135
7,"Trinidad and Tobago",116.32582958280094
7,"Trinidad and Tobago",76.29554161734777
7,"Trinidad and Tobago",114.50112529121076
7,"Trinidad and Tobago",97.92228438484399
7,"Trinidad and Tobago",99.52288443157558
7,"Trinidad and Tobago",111.5177720140913
7,"Trinidad and Tobago",124.95432232452272
7,"Trinidad and Tobago",125.8981423141907
7,"Trinidad and Tobago",156.60938194108977
7,"Trinidad and Tobago",107.11136700658805
7,"Trinidad and Tobago",115.13799889272688
7,"Trinidad and Tobago",105.96917349755813
7,"Trinidad and Tobago",142.78164030004822
7,"Trinidad and Tobago",107.10195801073974
7,"Trinidad and Tobago",133.2581620320665
7,"Trinidad and Tobago",141.10363095040245
7,"Trinidad and Tobago",130.87817097716618
7,"Trinidad and Tobago",82.30144843117465
7,"Trinidad and Tobago",117.04837890789338
7,"Trinidad and Tobago",128.28993987401134
7,"Trinidad and Tobago",105.6462410178573
7,"Trinidad and Tobago",158.0832994224252
7,"Trinidad and Tobago",117.36928659605168
7,"Trinidad and Tobago",100.57442261290176
7,"Trinidad and Tobago",101.18470266449975
7,"Trinidad and Tobago",106.64663663343825
7,"Trinidad and Tobago",114.47937891566988
7,"Trinidad and Tobago",120.66929309706673
7,"Trinidad and Tobago",120.65996454182371
7,"Trinidad and Tobago",112.4151372713615
7,"Trinidad and Tobago",138.4151737690061
7,"Trinidad and Tobago",113.67969762724714
7,"Trinidad and Tobago",114.94149912140013
7,"Trinidad and Tobago",119.23842025054009
7,"Trinidad and Tobago",123.575445054642
7,"Trinidad and Tobago",126.92660974866638
7,"Trinidad and Tobago",108.29090303239083
7,"Trinidad and Tobago",110.42002675500298
7,"Trinidad and Tobago",110.71164743118257
7,"Trinidad and Tobago",82.90875484788623
7,"Trinidad and Tobago",112.74955129197554
7,"Trinidad and Tobago",110.7391948322255
7,"Trinidad and Tobago",125.79112402439603
7,"Trinidad and Tobago",149.9327455805681
7,"Trinidad and Tobago",96.83684683019231
7,"Trinidad and Tobago",139.59428451500264
7,"Trinidad and Tobago",117.56951631138487
7,"Trinidad and Tobago",123.75772912107635
7,"Trinidad and Tobago",111.17033683007551
7,"Trinidad and Tobago",123.4144374372277
7,"Trinidad and Tobago",147.9901849577714
7,"Trinidad and Tobago",91.0869575984157
7,"Trinidad and Tobago",115.29491752091725
7,"Trinidad and Tobago",116.88603272471619
7,"Trinidad and Tobago",109.73744131045228
7,"Trinidad and Tobago",139.64580981444323
7,"Trinidad and Tobago",124.14216184401047
7,"Trinidad and Tobago",113.93022360426733
7,"Trinidad and Tobago",107.983351311034
7,"Trinidad and Tobago",126.89881785649541
7,"Trinidad and Tobago",124.75768405521785
7,"Trinidad and Tobago",106.10726047100012
7,"Trinidad and Tobago",118.47987934565506
7,"Trinidad and Tobago",124.97059250491029
7,"Trinidad and Tobago",99.03114240126142
7,"Trinidad and Tobago",121.54945786514546
7,"Trinidad and Tobago",114.2689276484342
7,"Trinidad and Tobago",110.66813588923078
7,"Trinidad and Tobago",88.2557777111059
7,"Trinidad and Tobago",155.16825083338256
7,"Trinidad and Tobago",130.57377422470643
7,"Trinidad and Tobago",142.09785396058706
7,"Trinidad and Tobago",138.52264164127223
7,"Trinidad and Tobago",96.83195420723382
7,"Trinidad and Tobago",106.84247339623576
7,"Trinidad and Tobago",127.29854666025872
7,"Trinidad and Tobago",94.38705088105462
7,"Trinidad and Tobago",105.8190690685895
7,"Trinidad and Tobago",132.82101593089882
7,"Trinidad and Tobago",142.91971647810672
7,"Trinidad and Tobago",90.16495446430966
7,"Trinidad and Tobago",110.14572992747651
7,"Trinidad and Tobago",56.15320038109242
7,"Trinidad and Tobago",91.33137310639651
7,"Trinidad and Tobago",109.47272919099909
7,"Trinidad and Tobago",131.933353029295
7,"Trinidad and Tobago",83.11489607884612
7,"Trinidad and Tobago",100.28222724328677
7,"Trinidad and Tobago",86.44845295708475
7,"Trinidad and Tobago",99.7932822107346
7,"Trinidad and Tobago",104.35752895097745
7,"Trinidad and Tobago",112.8658857929577
7,"Trinidad and Tobago",126.65940024788856
7,"Trinidad and Tobago",87.6596269214125
7,"Trinidad and Tobago",117.0585822011992
7,"Trinidad and Tobago",109.78116701538573
7,"Trinidad and Tobago",84.75433134418203
7,"Trinidad and Tobago",144.0450403839469
7,"Trinidad and Tobago",127.60514492686508
7,"Trinidad and Tobago",117.73161292245743
7,"Trinidad and Tobago",131.1386133968486
7,"Trinidad and Tobago",122.35771886775615
7,"Trinidad and Tobago",113.57797842109723
7,"Trinidad and Tobago",114.7573621640666
7,"Trinidad and Tobago",75.76327436634983
7,"Trinidad and Tobago",118.42276758955133
7,"Trinidad and Tobago",109.06678705491791
7,"Trinidad and Tobago",123.18268267456611
7,"Trinidad and Tobago",118.27538632586037
7,"East Timor",116.33889972445911
7,"East Timor",138.90037400261656
7,"East Timor",110.19626893101439
7,"East Timor",109.45220340859305
7,"East Timor",143.27977197853232
7,"East Timor",103.35631061457363
7,"East Timor",98.40606395008577
7,"East Timor",105.58244422461803
7,"East Timor",128.29451367910363
7,"East Timor",101.41226839588502
7,"East Timor",89.75435144314353
7,"East Timor",116.17250888155161
7,"East Timor",139.9932905575352
7,"East Timor",120.27148524426619
7,"East Timor",111.9902173636186
7,"East Timor",131.18954276088695
7,"East Timor",87.49609970286394
7,"East Timor",106.19269780850999
7,"East Timor",103.97267440994403
7,"East Timor",115.57696265457734
7,"East Timor",86.5809808911886
7,"East Timor",106.95912843960471
7,"East Timor",104.98538983074903
7,"East Timor",116.60946628113983
7,"East Timor",121.17617709149964
7,"East Timor",107.35537801641233
7,"East Timor",129.5671258212776
7,"East Timor",111.50560983591654
7,"East Timor",119.57664344627275
7,"East Timor",109.68456080206781
7,"East Timor",126.0616130968863
7,"East Timor",121.1274016368823
7,"East Timor",110.34784738030908
7,"East Timor",98.72613814668793
7,"East Timor",110.55915709169393
7,"East Timor",96.57241783567129
7,"East Timor",126.43506242870572
7,"East Timor",102.98383214515346
7,"East Timor",120.85660193162147
7,"East Timor",109.21889502364273
7,"East Timor",130.01519494646016
7,"East Timor",101.58346890855451
7,"East Timor",101.98356731212996
7,"East Timor",115.8038953995423
7,"East Timor",110.34851156770566
7,"East Timor",126.12847719462135
7,"East Timor",109.06074020700683
7,"East Timor",114.05479483532413
7,"East Timor",117.11131223278977
7,"East Timor",111.93293563665313
7,"East Timor",105.73193395182072
7,"East Timor",99.41442952831959
7,"East Timor",101.4670372419471
7,"East Timor",129.7255167869654
7,"East Timor",97.41113921149164
7,"East Timor",123.39900251806051
7,"East Timor",131.44125363093792
7,"East Timor",89.71804038077067
7,"East Timor",102.29668191170444
7,"East Timor",103.01513790249396
7,"East Timor",135.6693079654286
7,"East Timor",114.81697527107585
7,"East Timor",98.62833829352194
7,"East Timor",145.0510777960939
7,"East Timor",100.17660039885163
7,"East Timor",114.5885771842563
7,"East Timor",113.3294721124314
7,"East Timor",128.39728790607535
7,"East Timor",111.4124902429364
7,"East Timor",120.87760839450765
7,"East Timor",119.1923412192755
7,"East Timor",112.38628522437409
7,"East Timor",112.90315083115593
7,"East Timor",110.13979767821934
7,"East Timor",116.20688902220891
7,"East Timor",119.86323094639455
7,"East Timor",103.20277165734488
7,"East Timor",80.85222867306086
7,"East Timor",113.45539463744625
7,"East Timor",107.66616024950622
7,"East Timor",118.09847743951019
7,"East Timor",103.55524471803183
7,"East Timor",126.45562640051925
7,"East Timor",104.82315577942818
7,"East Timor",122.95776612164543
7,"East Timor",117.56820060784331
7,"East Timor",101.12625521516537
7,"East Timor",126.2483213461202
7,"East Timor",89.43615177688265
7,"East Timor",106.2275575544056
7,"East Timor",124.03927521728228
7,"East Timor",131.02791537611847
7,"East Timor",129.15994420737877
7,"East Timor",115.61274362594565
7,"East Timor",110.01011081011914
7,"East Timor",129.4635370113421
7,"East Timor",110.0561444643656
7,"East Timor",111.92440361704283
7,"East Timor",96.18557885850919
7,"East Timor",106.90660219190525
7,"East Timor",114.54112360627892
7,"East Timor",107.53798415479926
7,"East Timor",130.92219251934065
7,"East Timor",133.15539015253316
7,"East Timor",108.25400339788868
7,"East Timor",121.70189611985275
7,"East Timor",133.48036547939893
7,"East Timor",115.88464676526979
7,"East Timor",117.2947971277647
7,"East Timor",126.23709953756328
7,"East Timor",130.43911071065915
7,"East Timor",116.31750660462224
7,"East Timor",123.65217810881683
7,"East Timor",134.53193501411195
7,"East Timor",131.23534761112475
7,"East Timor",93.50509843079786
7,"East Timor",129.04087886329
7,"East Timor",122.29875012292618
7,"East Timor",129.93589720065648
7,"East Timor",98.12195426288889
7,"East Timor",120.43157281748155
7,"East Timor",106.59344503575225
7,"East Timor",115.52171685233645
7,"East Timor",116.21724384477717
7,"East Timor",115.1323620736923
8,"Sri Lanka",128.20305061880478
8,"Sri Lanka",84.6140356893636
8,"Sri Lanka",120.85002108966569
8,"Sri Lanka",90.78382149228598
8,"Sri Lanka",88.28582348579
8,"Sri Lanka",89.54988214605035
8,"Sri Lanka",89.04337832902837
8,"Sri Lanka",119.38713295424145
8,"Sri Lanka",85.20690359058315
8,"Sri Lanka",90.9926448817991
8,"Sri Lanka",104.92911757777497
8,"Sri Lanka",90.7696338927184
8,"Sri Lanka",95.54603992089746
8,"Sri Lanka",99.53470451655572
8,"Sri Lanka",83.91314456066962
8,"Sri Lanka",82.464176028107
8,"Sri Lanka",116.34974605943992
8,"Sri Lanka",84.1972711347535
8,"Sri Lanka",110.75250747768507
8,"Sri Lanka",108.78093692413054
8,"Sri Lanka",100.76257274636306
8,"Sri Lanka",67.8193222310861
8,"Sri Lanka",82.36703594647356
8,"Sri Lanka",145.87471977143278
8,"Sri Lanka",92.89973400892617
8,"Sri Lanka",119.50355809757629
8,"Sri Lanka",120.09879533481131
8,"Sri Lanka",127.40021266058605
8,"Sri Lanka",86.5633931124126
8,"Sri Lanka",75.12514235289684
8,"Sri Lanka",110.5628001302921
8,"Sri Lanka",107.98725388627886
8,"Sri Lanka",80.96182906476669
8,"Sri Lanka",76.40699105320425
8,"Sri Lanka",105.56486332481781
8,"Sri Lanka",85.82278389997195
8,"Sri Lanka",93.70207398826781
8,"Sri Lanka",96.3484376318922
8,"Sri Lanka",110.4029095457894
8,"Sri Lanka",101.427089302316
8,"Sri Lanka",97.95970502544975
8,"Sri Lanka",99.25732940797172
8,"Sri Lanka",106.1437456679067
8,"Sri Lanka",95.04248705603723
8,"Sri Lanka",88.19599114491294
8,"Sri Lanka",120.92959068458491
8,"Sri Lanka",107.5531118069172
8,"Sri Lanka",98.04337530602734
8,"Sri Lanka",98.2718959468634
8,"Sri Lanka",118.59166814295558
8,"Sri Lanka",68.98959611809609
8,"Sri Lanka",91.80420489144674
8,"Sri Lanka",86.96470080100408
8,"Sri Lanka",133.8362079686682
8,"Sri Lanka",104.32662117737851
8,"Sri Lanka",98.04831565716854
8,"Sri Lanka",83.631428656025
8,"Sri Lanka",83.14839400654839
8,"Sri Lanka",65.89702682946846
8,"Sri Lanka",105.89116851288318
8,"Sri Lanka",100.58486112103897
8,"Sri Lanka",87.07540184148445
8,"Sri Lanka",93.18838065915635
8,"Sri Lanka",54.710649451804365
8,"Sri Lanka",87.68792527396434
8,"Sri Lanka",78.0927707024639
8,"Sri Lanka",134.75924801259953
8,"Sri Lanka",75.30343349793357
8,"Sri Lanka",91.32486032975346
8,"Sri Lanka",107.55590424305312
8,"Sri Lanka",72.79100432212215
8,"Sri Lanka",61.57126334022992
8,"Sri Lanka",107.94973666107109
8,"Sri Lanka",78.38453394472513
8,"Sri Lanka",105.80183370499051
8,"Sri Lanka",129.04588830623865
8,"Sri Lanka",113.10566773155483
8,"Sri Lanka",113.22783620495719
8,"Sri Lanka",130.20381099489174
8,"Sri Lanka",86.39501196976803
8,"Sri Lanka",59.936009473098316
8,"Sri Lanka",99.80271715901901
8,"Sri Lanka",103.92756211588876
8,"Sri Lanka",104.41831741559156
8,"Sri Lanka",108.4713994785908
8,"Sri Lanka",136.4090479445324
8,"Sri Lanka",100.94582278234029
8,"Sri Lanka",61.99716640396853
8,"Sri Lanka",120.54212044588058
8,"Sri Lanka",93.62542150526174
8,"Sri Lanka",101.4814579883909
8,"Sri Lanka",89.3245442253126
8,"Sri Lanka",91.07014020483513
8,"Sri Lanka",83.26661770153254
8,"Sri Lanka",67.55685031312174
8,"Sri Lanka",109.09823785934061
8,"Sri Lanka",88.33365287489022
8,"Sri Lanka",76.66544080105324
8,"Sri Lanka",92.04574253151763
8,"Sri Lanka",76.07192703091444
8,"Sri Lanka",130.67874775848944
8,"Sri Lanka",60.4631888928038
8,"Sri Lanka",93.4659663094524
8,"Sri Lanka",87.80631591770333
8,"Sri Lanka",67.74204961101222
8,"Sri Lanka",122.2409756267819
8,"Sri Lanka",100.59886146007425
8,"Sri Lanka",75.6336018385104
8,"Sri Lanka",103.42909204740037
8,"Sri Lanka",73.14107691963973
8,"Sri Lanka",152.70518699080478
8,"Sri Lanka",119.48125251241332
8,"Sri Lanka",97.95499182756268
8,"Sri Lanka",99.78830092396625
8,"Sri Lanka",77.90076963268292
8,"Sri Lanka",96.9105044824602
8,"Sri Lanka",91.70736442166447
8,"Sri Lanka",121.39861525059911
8,"Benin",73.15556378844923
8,"Benin",127.49169697051462
8,"Benin",115.5524807045407
8,"Benin",97.05804264108622
8,"Benin",65.55000754860043
8,"Benin",101.68771321621428
8,"Benin",77.83674453273322
8,"Benin",92.23022714088312
8,"Benin",110.41363534202723
8,"Benin",74.18340857315039
8,"Benin",121.6858992442743
8,"Benin",98.39979325837284
8,"Benin",104.73590493840447
8,"Benin",106.12052908692736
8,"Benin",86.80978817770296
8,"Benin",108.84582221864005
8,"Benin",84.12630920413106
8,"Benin",75.79616922585294
8,"Benin",54.577669117997665
8,"Benin",58.74512062946825
8,"Benin",113.55916136307619
8,"Benin",81.98869659963668
8,"Benin",77.0401847926183
8,"Benin",97.55887810983808
8,"Benin",93.57325820032852
8,"Benin",97.24854703492676
8,"Benin",94.87430558355344
8,"Benin",124.93065357047364
8,"Benin",109.97434203221584
8,"Benin",109.03299502066002
8,"Benin",97.25383790076488
8,"Benin",90.82265156490304
8,"Benin",80.8161239324383
8,"Benin",78.33587497808368
8,"Benin",89.05141204532353
8,"Benin",114.97773390531913
8,"Benin",93.50519419779819
8,"Benin",101.08660485131402
8,"Benin",90.28125246324856
8,"Benin",101.99167452325335
8,"Benin",97.89816776917054
8,"Benin",111.75952844339352
8,"Benin",75.01327518022754
8,"Benin",54.59648696299664
8,"Benin",106.60394035314654
8,"Benin",107.68222113266938
8,"Benin",71.08788466016203
8,"Benin",70.94654801871717
8,"Benin",78.05647565018397
8,"Benin",68.7416839974099
8,"Benin",81.66961741201494
8,"Benin",92.35236498284122
8,"Benin",129.28803638418384
8,"Benin",75.99462199214477
8,"Benin",91.32846117209381
8,"Benin",87.70279338538285
8,"Benin",112.13848890431791
8,"Benin",88.87604058096363
8,"Benin",79.29802027918879
8,"Benin",82.14231922567633
8,"Benin",110.04035748676965
8,"Benin",83.45850126190095
8,"Benin",77.55005294357942
8,"Benin",99.06794747483453
8,"Benin",105.51448423976977
8,"Benin",93.50041688092364
8,"Benin",114.80386549297182
8,"Benin",97.8986837891227
8,"Benin",94.98821842208991
8,"Benin",87.4881119340448
8,"Benin",113.92488997542577
8,"Benin",102.86247571110452
8,"Benin",119.7012945934913
8,"Benin",91.5103805629919
8,"Benin",100.31583296321443
8,"Benin",84.2743784349512
8,"Benin",96.56238936797182
8,"Benin",93.28303024450527
8,"Benin",99.9958157269602
8,"Benin",89.78601324172757
8,"Benin",101.66643931489568
8,"Benin",100.03213170487726
8,"Benin",72.08233839148366
8,"Benin",105.51545367091171
8,"Benin",74.34505797652767
8,"Benin",96.60153053543081
8,"Benin",86.81086843629444
8,"Benin",52.045493009152885
8,"Benin",100.89562415555308
8,"Benin",87.33297236369287
8,"Benin",128.57631355011725
8,"Benin",104.95247420748441
8,"Benin",77.7532718032216
8,"Benin",109.5895327153533
8,"Benin",76.11874230879931
8,"Benin",78.6783438932185
8,"Benin",93.97472051353179
8,"Benin",84.34128192896635
8,"Benin",95.70371657393359
9,"Angola",90.86099472393519
9,"Angola",86.96357707040377
9,"Angola",92.39016603108183
9,"Angola",103.28161565218899
9,"Angola",113.69544562665517
9,"Angola",89.25660935807706
9,"Angola",88.39676634329469
9,"Angola",97.44315032230277
9,"Angola",99.43351659616819
9,"Angola",107.5168041910314
9,"Angola",104.33533757845585
9,"Angola",107.85246476491166
9,"Angola",102.66256394678899
9,"Angola",113.73461844533736
9,"Angola",95.24122319211311
9,"Angola",102.17219865693896
9,"Angola",92.48915459016634
9,"Angola",99.82167610945653
9,"Angola",118.14525028903901
9,"Angola",115.31319589328474
9,"Angola",131.65640315113296
9,"Angola",116.87458780127318
9,"Angola",90.46271895155952
9,"Angola",79.98093098320572
9,"Angola",103.09182648018118
9,"Angola",90.13105338216394
9,"Angola",105.40569767351407
9,"Angola",107.18894342317776
9,"Angola",91.30962769810593
9,"Angola",98.87678368450138
9,"Angola",109.6095673059946
9,"Angola",87.60934977565708
9,"Angola",118.65319566006906
9,"Angola",94.50048272592718
9,"Angola",100.14093559981966
9,"Angola",88.65802657853348
9,"Angola",93.82709400388421
9,"Angola",113.15692430644198
9,"Angola",113.4787879931022
9,"Angola",95.23383363354226
9,"Angola",101.9022770115305
9,"Angola",95.6146939175954
9,"Angola",114.48704854479037
9,"Angola",103.46415592523783
9,"Angola",103.96444399030706
9,"Angola",107.22855414658308
9,"Angola",101.02358193986463
9,"Angola",120.87513794344659
9,"Angola",104.65531873427291
9,"Angola",113.46258476924312
9,"Angola",99.20808795430584
9,"Angola",81.08566858681183
9,"Angola",94.12783733255219
9,"Angola",97.96326717551499
9,"Angola",96.1147078203074
9,"Angola",81.36308635089667
9,"Angola",103.44971296752827
9,"Angola",118.97995045489462
9,"Angola",102.89657341530578
9,"Angola",116.70874012076769
9,"Angola",78.09234614552184
9,"Angola",76.76958217583596
9,"Angola",83.22484818416126
9,"Angola",106.07525901103634
9,"Angola",88.91322859721996
9,"Angola",103.67101717928686
9,"Angola",78.61920203546313
9,"Angola",97.05469714034895
9,"Angola",95.37746920475415
9,"Angola",107.34092658011578
9,"Angola",81.33211252811702
9,"Angola",127.36542339902422
9,"Angola",96.34983826638499
9,"Angola",108.70311083543994
9,"Angola",114.95017593942322
9,"Angola",110.71241963111689
9,"Angola",90.32772040375762
9,"Angola",86.80486599271815
9,"Angola",108.1997939896809
9,"Angola",105.15162153882116
9,"Angola",110.51109365290633
9,"Angola",107.55139226863385
9,"Angola",102.42708220532099
9,"Angola",97.24979061870413
9,"Angola",95.59400423193675
9,"Angola",95.06084986391984
9,"Angola",88.86567980248897
9,"Angola",91.64179078284525
9,"Angola",95.55572801380507
9,"Angola",91.85006092606682
9,"Angola",103.0300862510368
9,"Angola",107.70372159405412
9,"Angola",74.07360531609002
9,"Angola",91.26363752318933
9,"Angola",106.10519002152083
9,"Angola",117.75432459303455
9,"Angola",104.65984630078974
9,"Angola",112.81144094123472
9,"Angola",116.59624483156134
9,"Armenia",105.04646344660807
9,"Armenia",95.39893966400204
9,"Armenia",107.37457169882984
9,"Armenia",100.29335542732592
9,"Armenia",100.97244217011459
9,"Armenia",129.4891997244862
9,"Armenia",94.37555848718547
9,"Armenia",111.65510196745599
9,"Armenia",100.5054645096859
9,"Armenia",120.58307964138363
9,"Armenia",125.61615611953455
9,"Armenia",83.83978211900238
9,"Armenia",90.85040723304427
9,"Armenia",120.81243058915506
9,"Armenia",99.28421236232413
9,"Armenia",94.84056937208695
9,"Armenia",95.81488217554912
9,"Armenia",95.45840173061895
9,"Armenia",127.01501362331237
9,"Armenia",115.95519293711114
9,"Armenia",96.4627885376066
9,"Armenia",98.27457830327211
9,"Armenia",92.32401535896747
9,"Armenia",73.75413970560926
9,"Armenia",102.1623699495132
9,"Armenia",98.62750440842214
9,"Armenia",137.54563205731785
9,"Armenia",112.68478004388177
9,"Armenia",126.05337996600517
9,"Armenia",117.2639376576225
9,"Armenia",108.05148782031797
9,"Armenia",118.89453355337584
9,"Armenia",94.90386309820131
9,"Armenia",82.29544020921529
9,"Armenia",96.09478592085013
9,"Armenia",82.08583032797219
9,"Armenia",102.19915609972573
9,"Armenia",71.75032141767616
9,"Armenia",91.8731638847543
9,"Armenia",111.15530180566876
9,"Armenia",91.14894524804133
9,"Armenia",121.66176501208007
9,"Armenia",94.85777417525966
9,"Armenia",88.58014927913871
9,"Armenia",112.05220146939482
9,"Armenia",96.62950528493297
9,"Armenia",111.35228372259158
9,"Armenia",97.69867073239804
9,"Armenia",110.42327721831343
9,"Armenia",97.11931491779235
9,"Armenia",101.40073612037702
9,"Armenia",99.171115073175
9,"Armenia",108.88375537700904
9,"Armenia",97.29201778682449
9,"Armenia",123.32027375971273
9,"Armenia",114.98604747241325
9,"Armenia",90.231697078059
9,"Armenia",90.1128524584956
9,"Armenia",88.10880865683713
9,"Armenia",91.93806360919534
9,"Armenia",133.26467109911525
9,"Armenia",104.8897242556701
9,"Armenia",75.00261827122333
9,"Armenia",92.43994448586395
9,"Armenia",107.90821891546298
9,"Armenia",98.14955461130029
9,"Armenia",106.42210850686723
9,"Armenia",106.41271286180535
9,"Armenia",102.01891024008789
9,"Armenia",122.3930652053522
9,"Armenia",96.76141504797593
9,"Armenia",122.16880666266087
9,"Armenia",77.71993397692378
9,"Armenia",113.75532920189973
9,"Armenia",115.08077316480251
9,"Armenia",77.98397697980198
9,"Armenia",102.60399044567566
9,"Armenia",91.72969261972561
9,"Armenia",76.01345738164382
9,"Armenia",84.0891917467548
9,"Armenia",92.19567233358033
9,"Armenia",92.44083160475301
9,"Armenia",118.98757094102177
9,"Armenia",121.19598028816782
9,"Armenia",102.7243356827387
9,"Armenia",119.71143832636318
9,"Armenia",98.63033353247917
9,"Armenia",103.80808951994864
9,"Armenia",112.8133762558137
9,"Armenia",114.71712347679761
9,"Armenia",128.85020762554427
9,"Armenia",98.13281313917541
9,"Armenia",114.34398055248587
9,"Armenia",126.83330209760676
9,"Armenia",87.15942961465917
9,"Armenia",127.71621001491545
9,"Armenia",110.29513701003432
9,"Armenia",121.72132203189153
9,"Armenia",110.71325682487968
9,"Armenia",112.90161747382695
9,"Armenia",115.34992764558335
9,"Armenia",94.1681360751564
9,"Armenia",108.06894453466131
9,"Armenia",114.1039153698382
9,"Armenia",77.40770184888905
9,"Armenia",94.55201302527547
9,"Armenia",110.56562847322066
9,"Armenia",114.99345285346722
9,"Armenia",99.3796183238429
9,"Armenia",88.0324126945363
9,"Armenia",111.34996899168686
9,"Armenia",82.63557064487671
9,"Armenia",98.66422860652268
9,"Armenia",113.13705037157003
9,"Armenia",101.18941913058674
9,"Armenia",132.8753129623188
9,"Armenia",96.85994147436878
9,"Armenia",109.45570645902964
9,"Armenia",123.1503032278545
9,"Armenia",98.41051927666463
9,"Armenia",99.3162283825375
10,"Georgia",116.96247633366885
10,"Georgia",70.28798381210265
10,"Georgia",137.1172815082522
10,"Georgia",105.37728279864422
10,"Georgia",109.17224657764899
10,"Georgia",107.5341149038253
10,"Georgia",143.36832524769443
10,"Georgia",106.38116778397814
10,"Georgia",91.04692812144931
10,"Georgia",99.15308758529974
10,"Georgia",142.53390170388784
10,"Georgia",102.02081965639972
10,"Georgia",94.66266927209018
10,"Georgia",110.03723004989054
10,"Georgia",89.35677648675407
10,"Georgia",95.8759377164397
10,"Georgia",106.15355751427775
10,"Georgia",121.2105827286717
10,"Georgia",150.62713694200536
10,"Georgia",67.11505931368006
10,"Georgia",75.0308773046979
10,"Georgia",87.13204143280271
10,"Georgia",114.43084937673461
10,"Georgia",121.82843481309664
10,"Georgia",83.62642133316785
10,"Georgia",111.0852990905542
10,"Georgia",110.14334005812506
10,"Georgia",141.7075011236816
10,"Georgia",92.24852263522979
10,"Georgia",116.0725369734645
10,"Georgia",98.66667796754713
10,"Georgia",100.1868002618003
10,"Georgia",97.61711155648973
10,"Georgia",101.32843170797037
10,"Georgia",133.72855614371304
10,"Georgia",97.60559790495101
10,"Georgia",137.70417664776232
10,"Georgia",98.55522909042209
10,"Georgia",139.7750674913556
10,"Georgia",104.9935416992839
10,"Georgia",99.63461520181858
10,"Georgia",116.75704264133796
10,"Georgia",106.42095568228089
10,"Georgia",119.8576260443239
10,"Georgia",109.25868433428239
10,"Georgia",141.97916400645443
10,"Georgia",93.86666654546441
10,"Georgia",75.35178795783953
10,"Georgia",112.68278037242469
10,"Georgia",114.36187299131817
10,"Georgia",88.80154043088538
10,"Georgia",127.21512087621099
10,"Georgia",90.67664667321293
10,"Georgia",75.40498357244914
10,"Georgia",96.59571901470935
10,"Georgia",102.42888406176903
10,"Georgia",112.64482125659164
10,"Georgia",119.69335187083053
10,"Georgia",131.37207017421068
10,"Georgia",115.45651562074156
10,"Georgia",117.2254475533206
10,"Georgia",87.70644579730765
10,"Georgia",81.96080435905343
10,"Georgia",99.64801964830792
10,"Georgia",80.98798131692756
10,"Georgia",107.02180287918739
10,"Georgia",85.89202253711298
10,"Georgia",127.55094195141773
10,"Georgia",112.7635362944292
10,"Georgia",87.04476813191242
10,"Georgia",96.77008503299518
10,"Georgia",95.8435516276692
10,"Georgia",140.4412260583697
10,"Georgia",125.964541940068
10,"Georgia",119.643459464828
10,"Georgia",107.88904082146705
10,"Georgia",139.59449234959177
10,"Georgia",84.46329551383944
10,"Georgia",134.60433754937145
10,"Georgia",81.62124544671858
10,"Georgia",127.69064705828934
10,"Georgia",94.47103636861945
10,"Georgia",122.7911979216135
10,"Georgia",101.61347859032543
10,"Georgia",117.40284955443539
10,"Georgia",110.78695308975455
10,"Georgia",92.39456651999485
10,"Georgia",123.5181472603526
10,"Georgia",102.68437797587058
10,"Georgia",116.00961607876539
10,"Georgia",112.9847364465972
10,"Georgia",137.33884865662637
10,"Georgia",119.04584410923816
10,"Georgia",96.30827088836001
10,"Georgia",75.5429181935673
10,"Georgia",129.53671285139444
10,"Georgia",119.83905279223212
10,"Georgia",92.15931350389799
10,"Georgia",108.44195145427237
10,"Georgia",135.92386207180357
10,"Georgia",79.18590929166885
10,"Georgia",95.3069426633148
10,"Georgia",104.89987852462227
10,"Georgia",103.53535294527995
10,"Georgia",94.36685161457517
10,"Georgia",86.27610799650145
10,"Georgia",107.45493439303655
10,"Georgia",107.10829564992484
10,"Georgia",98.09954254830143
10,"Georgia",113.00975978548973
10,"Georgia",91.41423800813763
10,"Georgia",99.75043117135033
10,"Georgia",138.77605327670761
10,"Georgia",105.3551240228665
10,"Georgia",102.84260543514783
10,"Georgia",137.76913277328046
10,"Georgia",104.97640453477007
10,"Georgia",116.28856061907916
10,"Georgia",118.52280760049815
10,"Georgia",129.1683222488292
10,"Georgia",115.55800463665327
10,"Georgia",94.50947559915227
10,"Georgia",101.29653758109899
10,"Georgia",113.50000618634938
10,"Georgia",116.10249398223033
10,"Georgia",83.48566217141757
10,"Georgia",117.24620613734535
10,"Georgia",82.18259608370533
10,"Georgia",96.88072310906921
10,"Georgia",103.01093262192674
10,"Georgia",79.87943250468636
10,"Georgia",93.74585365518031
10,"Georgia",85.8903861690555
10,"Georgia",116.8876674713586
10,"Georgia",85.12478995204397
10,"New Zealand",105.86703642618113
10,"New Zealand",94.81257259074863
10,"New Zealand",137.09759020462295
10,"New Zealand",85.75715788659389
10,"New Zealand",103.25260208020656
10,"New Zealand",85.24983469570957
10,"New Zealand",116.20016077939039
10,"New Zealand",97.20604280380087
10,"New Zealand",124.48329679300001
10,"New Zealand",96.15310180133287
10,"New Zealand",118.46886970417029
10,"New Zealand",95.70452430279293
10,"New Zealand",105.33157586547874
10,"New Zealand",105.40109387088954
10,"New Zealand",111.27381137219948
10,"New Zealand",68.02136444718525
10,"New Zealand",97.56175152163429
10,"New Zealand",88.78087685655501
10,"New Zealand",97.03623821003076
10,"New Zealand",105.85866301086503
10,"New Zealand",108.49869988323839
10,"New Zealand",89.42122513367525
10,"New Zealand",109.35853840390946
10,"New Zealand",101.58708759909041
10,"New Zealand",133.5621398131155
10,"New Zealand",108.88870605304582
10,"New Zealand",114.46390128475244
10,"New Zealand",121.3345990286276
10,"New Zealand",58.78042171666727
10,"New Zealand",115.13292120932353
10,"New Zealand",108.04814559505026
10,"New Zealand",137.50458983942528
10,"New Zealand",58.663517349124014
10,"New Zealand",119.61670607760739
10,"New Zealand",104.43941509446115
10,"New Zealand",123.70993025691371
10,"New Zealand",91.59923951880182
10,"New Zealand",117.4285069371653
10,"New Zealand",135.75956521068767
10,"New Zealand",127.29773131179307
10,"New Zealand",98.93802198255398
10,"New Zealand",128.1938475454532
10,"New Zealand",113.49950452882764
10,"New Zealand",128.4066435880953
10,"New Zealand",95.50035359018177
10,"New Zealand",107.70189642373255
10,"New Zealand",118.59450903998943
10,"New Zealand",99.64258204078135
10,"New Zealand",100.71613456235634
10,"New Zealand",117.96819103500565
10,"New Zealand",140.9778455680182
10,"New Zealand",144.62819786110418
10,"New Zealand",88.33100235816127
10,"New Zealand",121.4356791672561
10,"New Zealand",122.66247556789631
10,"New Zealand",119.84483979964564
10,"New Zealand",104.98463661485356
10,"New Zealand",103.64094420926756
10,"New Zealand",88.00444329945022
10,"New Zealand",123.1086521604784
10,"New Zealand",117.02016604452925
10,"New Zealand",120.93827524117788
10,"New Zealand",112.89337724794974
10,"New Zealand",111.44411068414355
10,"New Zealand",99.44594098524709
10,"New Zealand",98.96122103591252
10,"New Zealand",65.87335905133324
10,"New Zealand",124.99183795033828
10,"New Zealand",162.58421174930368
10,"New Zealand",117.37504431002066
10,"New Zealand",145.15317944114972
10,"New Zealand",92.55232567296645
10,"New Zealand",141.12750347205986
10,"New Zealand",113.98536547796309
10,"New Zealand",74.53722077066104
10,"New Zealand",90.90620984988709
10,"New Zealand",108.04514855168925
10,"New Zealand",106.10966592154253
10,"New Zealand",92.8654723936778
10,"New Zealand",144.89121812695637
10,"New Zealand",115.22756250890308
10,"New Zealand",102.31635795228554
10,"New Zealand",130.58160344318722
10,"New Zealand",118.48965387255522
10,"New Zealand",72.37464808034338
10,"New Zealand",114.79679325325094
10,"New Zealand",104.9279300501656
10,"New Zealand",82.86167888992158
10,"New Zealand",132.98865973951118
10,"New Zealand",119.67486042420015
10,"New Zealand",108.44539082904808
10,"New Zealand",166.62307797202428
10,"New Zealand",132.2236993226237
10,"New Zealand",104.98872349808055
10,"New Zealand",96.58993951113031
10,"New Zealand",116.86852488279487
10,"New Zealand",86.09947064471204
10,"New Zealand",113.6637700009127
10,"New Zealand",98.19295393040373
10,"New Zealand",104.79414617360676
10,"New Zealand",109.10930832661415
10,"New Zealand",120.10147977995183
10,"New Zealand",139.6744032694751
10,"New Zealand",102.49818706661061
10,"New Zealand",123.66805824881212
10,"New Zealand",101.13961041569537
10,"New Zealand",96.56932139136659
10,"New Zealand",132.77662669818477
10,"New Zealand",85.14448053685298
10,"New Zealand",141.9241646110818
10,"New Zealand",80.75791483679042
10,"New Zealand",100.5052390217093
10,"New Zealand",118.02343089577337
10,"New Zealand",151.1731460466679
10,"New Zealand",94.73400958242601
10,"New Zealand",118.30047764859489
10,"New Zealand",82.01960842774342
10,"New Zealand",138.9305363958383
10,"New Zealand",125.63312657500165
10,"New Zealand",132.48632265315726
10,"New Zealand",82.96378521023595
10,"New Zealand",59.968597296829216
10,"New Zealand",125.7946214429722
10,"New Zealand",113.01040055200099
10,"New Zealand",110.67100594770496
10,"New Zealand",65.70154084472067
10,"New Zealand",108.28393967644307
10,"New Zealand",110.62451153314349
10,"New Zealand",134.52355252196844
10,"New Zealand",94.70346232862963
10,"New Zealand",103.73280419348556
10,"New Zealand",103.00549345010812
10,"New Zealand",128.16431179053336
11,"Grenada",88.49566385868341
11,"Grenada",74.7105822669499
11,"Grenada",85.67797084912937
11,"Grenada",102.75439082190097
11,"Grenada",102.00849894078628
11,"Grenada",95.039596780558
11,"Grenada",61.94095617924773
11,"Grenada",117.12029249791769
11,"Grenada",89.34546889413699
11,"Grenada",103.18865530093713
11,"Grenada",94.7868327451632
11,"Grenada",103.81594105798034
11,"Grenada",104.36598660105406
11,"Grenada",90.5680102533942
11,"Grenada",79.63387286434305
11,"Grenada",87.09104814667964
11,"Grenada",82.31582301579199
11,"Grenada",72.70407066950831
11,"Grenada",116.47907311852636
11,"Grenada",83.61536152615389
11,"Grenada",105.96858497080608
11,"Grenada",88.19468176491637
11,"Grenada",85.91439478907529
11,"Grenada",76.46902547351202
11,"Grenada",75.91118886764427
11,"Grenada",90.8158243136007
11,"Grenada",65.00011883806046
11,"Grenada",108.94674080446546
11,"Grenada",88.24550301682983
11,"Grenada",99.37686685257715
11,"Grenada",96.52584131089147
11,"Grenada",115.16856595209703
11,"Grenada",90.05986525169001
11,"Grenada",95.168995483922
11,"Grenada",89.10372710520296
11,"Grenada",62.52999981169728
11,"Grenada",75.13367708548975
11,"Grenada",95.81667721496284
11,"Grenada",56.42013913309855
11,"Grenada",97.99312291476859
11,"Grenada",81.17540484598914
11,"Grenada",79.30737886692185
11,"Grenada",98.8703647804023
11,"Grenada",131.67597243908668
11,"Grenada",117.4329795913616
11,"Grenada",128.2613758496095
11,"Grenada",113.58772681344482
11,"Grenada",123.04703856286439
11,"Grenada",98.98807005524621
11,"Grenada",100.66082756489709
11,"Grenada",108.62680782602389
11,"Grenada",78.1532516665027
11,"Grenada",90.51188667472184
11,"Grenada",68.2316337578806
11,"Grenada",101.8565699295226
11,"Grenada",109.70562800103357
11,"Grenada",111.50462994412044
11,"Grenada",57.222116963785716
11,"Grenada",88.86540393109236
11,"Grenada",92.44207860221724
11,"Grenada",109.64942316125989
11,"Grenada",115.35408573189045
11,"Grenada",77.43392473918925
11,"Grenada",103.70977168867728
11,"Grenada",118.31577516928265
11,"Grenada",80.10748151481526
11,"Grenada",88.45642579743001
11,"Grenada",85.10995495222691
11,"Grenada",105.4650259020486
11,"Grenada",129.30754783225413
11,"Grenada",80.28769907118236
11,"Grenada",118.55848956274902
11,"Grenada",101.19948173423403
11,"Grenada",76.71298162298243
11,"Grenada",88.21733501736773
11,"Grenada",135.5170095712828
11,"Grenada",86.31019020988555
11,"Grenada",76.5171994837745
11,"Grenada",68.70351493087102
11,"Grenada",88.02855094684651
11,"Grenada",91.54421658912341
11,"Grenada",91.76257163225411
11,"Grenada",70.4738721686834
11,"Grenada",120.3215688187068
11,"Grenada",94.01363723663259
11,"Grenada",91.26932746554095
11,"Grenada",73.03170096308271
11,"Grenada",93.99900866806169
11,"Grenada",77.87532876456535
11,"Grenada",106.14289073024086
11,"Grenada",66.13303239328782
11,"Grenada",96.92124328729972
11,"Grenada",64.19084641965355
11,"Grenada",96.24204103379058
11,"Grenada",118.49905806091077
11,"Grenada",86.28879623775121
11,"Grenada",90.33368397452446
11,"Grenada",81.04330998568949
11,"Grenada",91.5040298863818
11,"Grenada",74.95192147672398
11,"Grenada",109.52234965290204
11,"Grenada",123.89573802087133
11,"Grenada",80.21959625004372
11,"Grenada",73.73302196954896
11,"Grenada",99.48254240732321
11,"Grenada",51.81667167339754
11,"Grenada",76.24509339888331
11,"Grenada",91.82379071726326
11,"Grenada",95.63509311175116
11,"Grenada",66.39420623738133
11,"Grenada",125.97781419020434
11,"Austria",96.02291047688577
11,"Austria",63.31362212332634
11,"Austria",69.57921249973674
11,"Austria",126.92137695032832
11,"Austria",96.63203888731306
11,"Austria",105.45644517464937
11,"Austria",92.47524480404631
11,"Austria",110.56471755692156
11,"Austria",90.91238428597191
11,"Austria",106.54513521087891
11,"Austria",126.80986416056209
11,"Austria",88.2507429844631
11,"Austria",55.500830237594734
11,"Austria",115.36868960302073
11,"Austria",78.22625603826269
11,"Austria",88.71970867111281
11,"Austria",121.50884250833329
11,"Austria",70.76434515584006
11,"Austria",74.55416708050609
11,"Austria",75.79502939093982
11,"Austria",95.48745027161156
11,"Austria",76.48976236170832
11,"Austria",79.51253384213712
11,"Austria",125.46988358146368
11,"Austria",76.22318991685621
11,"Austria",79.68598103932432
11,"Austria",95.48285076814062
11,"Austria",87.77039526258697
11,"Austria",85.32730180866899
11,"Austria",77.37281718594548
11,"Austria",90.36393587304298
11,"Austria",87.34736159708885
11,"Austria",95.88284665794023
11,"Austria",78.74259773410614
11,"Austria",107.54906343921327
11,"Austria",74.44459091600444
11,"Austria",67.55289556567396
11,"Austria",72.96703801120216
11,"Austria",93.30212026772094
11,"Austria",97.35802218455177
11,"Austria",87.33164776939347
11,"Austria",73.2306121105008
11,"Austria",78.87575786621798
11,"Austria",90.3811956559987
11,"Austria",61.48847166391813
11,"Austria",109.28501237046217
11,"Austria",112.17094486581998
11,"Austria",70.27505499164701
11,"Austria",58.84106210584081
11,"Austria",93.98580267056394
11,"Austria",107.88604565633432
11,"Austria",105.38063282529305
11,"Austria",111.1353317201826
11,"Austria",79.83040365505227
11,"Austria",58.890570135288776
11,"Austria",103.65973448881175
11,"Austria",73.14989083854393
11,"Austria",79.26465089084755
11,"Austria",86.9850561003685
11,"Austria",53.06680574569012
11,"Austria",104.25480175338501
11,"Austria",111.480699803719
11,"Austria",82.65207550153173
11,"Austria",120.66412629777965
11,"Austria",94.11018125968663
11,"Austria",121.44621701439384
11,"Austria",86.56599808643844
11,"Austria",102.25420897262303
11,"Austria",89.27475641005842
11,"Austria",107.838452912665
11,"Austria",79.99701983929256
11,"Austria",87.61153208642502
11,"Austria",124.44507061019272
11,"Austria",122.76835001194452
11,"Austria",80.22334265944548
11,"Austria",84.73043645142576
11,"Austria",104.80688666843159
11,"Austria",129.0369018356088
11,"Austria",54.242878743223464
11,"Austria",104.75837082703544
11,"Austria",93.13882567194398
11,"Austria",67.89359651011617
11,"Austria",53.75633082486071
11,"Austria",102.83764255959672
11,"Austria",87.99414527679069
11,"Austria",110.57733765347834
11,"Austria",61.46835647266503
11,"Austria",54.55180073861532
11,"Austria",61.322424717647436
11,"Austria",83.48468571316025
11,"Austria",117.71407593956732
11,"Austria",89.45075853817309
11,"Austria",119.55078025636729
11,"Austria",71.52336759837841
11,"Austria",97.51905636338012
11,"Austria",115.245587298117
11,"Austria",87.83438028059027
11,"Austria",66.75342787515577
11,"Austria",89.78909252289093
11,"Austria",88.57799551854453
11,"Austria",91.90278223455604
11,"Austria",90.03010750354636
11,"Austria",80.57191306764216
11,"Austria",87.85040037488248
11,"Austria",96.00638067823921
11,"Austria",110.61675874590661
11,"Austria",56.6646431857101
11,"Austria",84.17643749403673
11,"Austria",76.60247478499272
11,"Austria",112.48434488574239
11,"Austria",83.99519064111837
11,"Austria",107.44056792945999
11,"Austria",95.1057132100586
11,"Austria",90.39321484501392
12,"Ethiopia",119.55037772578649
12,"Ethiopia",113.06015941326754
12,"Ethiopia",91.41131480825047
12,"Ethiopia",88.73063467605903
12,"Ethiopia",87.15997511650546
12,"Ethiopia",107.22697166384333
12,"Ethiopia",73.10289998781656
12,"Ethiopia",96.2471694802651
12,"Ethiopia",106.5128662613203
12,"Ethiopia",89.30023125771667
12,"Ethiopia",106.41921297605444
12,"Ethiopia",75.90752004559947
12,"Ethiopia",96.3364395263919
12,"Ethiopia",106.5592795456405
12,"Ethiopia",89.88592531926888
12,"Ethiopia",95.82896380223866
12,"Ethiopia",85.53690794219875
12,"Ethiopia",91.30156692932579
12,"Ethiopia",89.91486316413962
12,"Ethiopia",111.81765400912298
12,"Ethiopia",117.71803405786882
12,"Ethiopia",92.06220599684242
12,"Ethiopia",112.81081164191083
12,"Ethiopia",91.59737098434162
12,"Ethiopia",108.54180858194702
12,"Ethiopia",115.58142557017356
12,"Ethiopia",94.2227093924664
12,"Ethiopia",96.52659919556373
12,"Ethiopia",84.60390392429196
12,"Ethiopia",102.68588356492093
12,"Ethiopia",61.452187035435905
12,"Ethiopia",114.91165697527263
12,"Ethiopia",99.04552688410102
12,"Ethiopia",96.49663874256814
12,"Ethiopia",85.74624445682191
12,"Ethiopia",99.7593533804719
12,"Ethiopia",100.80986501238499
12,"Ethiopia",124.09238171491249
12,"Ethiopia",89.43925557350391
12,"Ethiopia",112.76701563306216
12,"Ethiopia",91.07726823089308
12,"Ethiopia",100.87854924329554
12,"Ethiopia",95.43458905329418
12,"Ethiopia",89.59875876151816
12,"Ethiopia",111.4304217885878
12,"Ethiopia",130.93353918551833
12,"Ethiopia",104.50017148476186
12,"Ethiopia",96.15584182891425
12,"Ethiopia",99.40197737310676
12,"Ethiopia",105.50489611140966
12,"Ethiopia",83.8909318513162
12,"Ethiopia",101.93936497205786
12,"Ethiopia",70.35755924375708
12,"Ethiopia",84.84195503737777
12,"Ethiopia",88.17842101726329
12,"Ethiopia",106.69887522381372
12,"Ethiopia",109.80854124597926
12,"Ethiopia",112.60482973106686
12,"Ethiopia",92.85459758939946
12,"Ethiopia",116.75937454491826
12,"Ethiopia",125.36310048380827
12,"Ethiopia",117.29483970626062
12,"Ethiopia",94.50130207559845
12,"Ethiopia",113.33290575875715
12,"Ethiopia",89.58304489395294
12,"Ethiopia",120.72896073279169
12,"Ethiopia",121.15696669700992
12,"Ethiopia",91.91371429327485
12,"Ethiopia",68.23320799437542
12,"Ethiopia",120.67819932777357
12,"Ethiopia",100.99727329169565
12,"Ethiopia",92.54780379164677
12,"Ethiopia",65.31986948886879
12,"Ethiopia",103.6616563354525
12,"Ethiopia",112.60866248753572
12,"Ethiopia",94.40278419397123
12,"Ethiopia",63.02915380790829
12,"Ethiopia",79.89339736916315
12,"Ethiopia",80.14339655480968
12,"Ethiopia",105.46908179017908
12,"Ethiopia",98.36220726014488
12,"Ethiopia",119.54437159630322
12,"Ethiopia",102.03761221717875
12,"Ethiopia",99.95071062169329
12,"Ethiopia",110.72913430316595
12,"Ethiopia",108.82415953674744
12,"Ethiopia",102.44699374756013
12,"Ethiopia",107.0509037369968
12,"Ethiopia",96.66149747913549
12,"Ethiopia",106.8183758357847
12,"Ethiopia",114.54330716765085
12,"Ethiopia",105.67873876468943
12,"Ethiopia",109.23246999032176
12,"Ethiopia",86.41253053419406
12,"Ethiopia",104.31021375445943
12,"Ethiopia",77.79667333758562
12,"Ethiopia",63.384573861695344
12,"Ethiopia",79.65579265528162
12,"Ethiopia",137.64202603817355
12,"Ethiopia",96.01654141545126
12,"Ethiopia",118.96457505048504
12,"Ethiopia",92.98807884487597
12,"Ethiopia",66.96002311330753
12,"Ethiopia",86.20411011292907
12,"Ethiopia",76.91761347750037
12,"Ethiopia",107.77761235493213
12,"Ethiopia",111.19148609420496
12,"Ethiopia",86.3441301481556
12,"Ethiopia",109.34667112265129
12,"Ethiopia",94.60702679543
12,"Ethiopia",122.28261523737254
12,"Ethiopia",105.61265076621034
12,"Ethiopia",86.12465375176923
12,"Ethiopia",91.81460633889643
12,"Ethiopia",118.48196768571069
12,"Ethiopia",89.10768236072676
12,"Ethiopia",71.4636974016693
12,"Ethiopia",85.6172273041864
12,"Ethiopia",90.97888391794109
12,"Ethiopia",125.90851199102109
12,"Armenia",99.60721324138315
12,"Armenia",115.58153153873424
12,"Armenia",92.34661671798821
12,"Armenia",129.876518944614
12,"Armenia",94.99617419223884
12,"Armenia",99.83388856501193
12,"Armenia",73.42068231140874
12,"Armenia",78.50985524528855
12,"Armenia",134.59537227668847
12,"Armenia",88.97382010031828
12,"Armenia",100.42007111254657
12,"Armenia",89.93719414920822
12,"Armenia",121.96194664033224
12,"Armenia",87.18146257484162
12,"Armenia",81.67927190570262
12,"Armenia",95.5679199622469
12,"Armenia",95.06956719087793
12,"Armenia",89.29136456114004
12,"Armenia",95.90497274679461
12,"Armenia",89.17399081620377
12,"Armenia",67.18352387699319
12,"Armenia",105.08109044334054
12,"Armenia",97.02197383246033
12,"Armenia",102.10257349550767
12,"Armenia",119.96816476480339
12,"Armenia",110.05224602580775
12,"Armenia",129.73439864597304
12,"Armenia",68.14308237497333
12,"Armenia",88.31880776685486
12,"Armenia",105.05891823886803
12,"Armenia",95.6188278282977
12,"Armenia",104.10663375022868
12,"Armenia",90.72838237309087
12,"Armenia",85.20502184159676
12,"Armenia",121.19252124548154
12,"Armenia",101.84273949097107
12,"Armenia",87.57518001836706
12,"Armenia",86.32158649522997
12,"Armenia",53.39882906752339
12,"Armenia",66.17870376249486
12,"Armenia",95.42500583168102
12,"Armenia",113.88044407162394
12,"Armenia",126.60309422481757
12,"Armenia",79.61345228737089
12,"Armenia",86.7574257586504
12,"Armenia",87.20785345859262
12,"Armenia",82.82917044900768
12,"Armenia",79.79134333018025
12,"Armenia",122.83165533901132
12,"Armenia",81.25624540326515
12,"Armenia",106.25748071612732
12,"Armenia",82.58114494889375
12,"Armenia",95.35996203835117
12,"Armenia",88.84869081788396
12,"Armenia",106.8867565628416
12,"Armenia",91.78236922514995
12,"Armenia",98.06483568044807
12,"Armenia",83.82726105548957
12,"Armenia",96.84270279327036
12,"Armenia",108.23347490479506
12,"Armenia",100.27463475905398
12,"Armenia",82.83407061656649
12,"Armenia",108.0059435876015
12,"Armenia",132.8244075100463
12,"Armenia",118.44038523497267
12,"Armenia",111.8002778000305
12,"Armenia",99.64401055461346
12,"Armenia",80.32390243904577
12,"Armenia",109.25579933807684
12,"Armenia",110.60388854359995
12,"Armenia",86.19612169874537
12,"Armenia",114.70341611412553
12,"Armenia",47.524937928963055
12,"Armenia",130.41806970300368
12,"Armenia",77.11410492668847
12,"Armenia",82.50690671886652
12,"Armenia",117.1584109531166
12,"Armenia",87.03997572796682
12,"Armenia",115.25422231960839
12,"Armenia",92.2170955315687
12,"Armenia",87.20383400615876
12,"Armenia",110.37749674447991
12,"Armenia",70.59514688209418
12,"Armenia",123.63816357685297
12,"Armenia",111.35743522150723
12,"Armenia",98.3349420505248
12,"Armenia",69.79481898358925
12,"Armenia",121.95217201096433
12,"Armenia",87.10447619202061
12,"Armenia",122.1315569624562
12,"Armenia",110.14831315615449
12,"Armenia",97.8124653947667
12,"Armenia",119.801408467244
12,"Armenia",90.00673238018238
12,"Armenia",90.3807706564174
12,"Armenia",89.82777311075081
12,"Armenia",90.57738158366874
12,"Armenia",101.77629684979478
12,"Armenia",81.67465184172558
12,"Armenia",91.1012759541912
12,"Armenia",78.57272108554741
12,"Armenia",120.72077377229802
12,"Armenia",96.12026214093844
12,"Armenia",109.82125738178075
12,"Armenia",84.14441527113927
12,"Armenia",83.7390720582371
12,"Armenia",72.54099829564508
12,"Armenia",100.81660872666811
12,"Armenia",113.26929132423945
12,"Armenia",88.08445737756799
12,"Armenia",96.58227936684861
12,"Armenia",119.50572617234951
12,"Armenia",119.33123346655888
12,"Armenia",116.23987202537985
12,"Armenia",71.58976539976582
12,"Armenia",116.03858145846021
12,"Armenia",125.88401767649671
12,"Armenia",95.699410883301
12,"Armenia",99.15329343260825
12,"Armenia",82.64108058001332
12,"Armenia",85.08044263148753
12,"Armenia",77.24009053337215
12,"Armenia",77.34732574662416
12,"Armenia",115.01068171040089
12,"Armenia",84.54088555569243
12,"Armenia",96.60455682245109
12,"Armenia",74.0022524399854
13,"Belarus",49.9313211245422
13,"Belarus",79.5702139994184
13,"Belarus",87.85232657049974
13,"Belarus",98.52685437989783
13,"Belarus",68.99562872000737
13,"Belarus",92.47252823170352
13,"Belarus",60.463712939864905
13,"Belarus",41.03558259994378
13,"Belarus",65.0225728278107
13,"Belarus",85.66478771009245
13,"Belarus",88.00476788289335
13,"Belarus",93.18965753832687
13,"Belarus",108.84405357953767
13,"Belarus",67.54511988347633
13,"Belarus",96.82639776360962
13,"Belarus",74.96150236905265
13,"Belarus",46.16849873942188
13,"Belarus",96.09883528565919
13,"Belarus",57.58254290887366
13,"Belarus",101.51140383239554
13,"Belarus",76.56347892988865
13,"Belarus",103.72975620091415
13,"Belarus",101.08502409603093
13,"Belarus",95.5132052636383
13,"Belarus",74.82144681272351
13,"Belarus",101.6070479925379
13,"Belarus",115.26343319745672
13,"Belarus",38.84623850136655
13,"Belarus",102.18798644148217
13,"Belarus",46.641150377329744
13,"Belarus",86.86553041022941
13,"Belarus",76.28918053886417
13,"Belarus",59.740122250527236
13,"Belarus",110.60797538534837
13,"Belarus",102.38419003861226
13,"Belarus",118.06986892436733
13,"Belarus",113.1346635865029
13,"Belarus",84.25678347360552
13,"Belarus",79.9271097886658
13,"Belarus",68.63999208517419
13,"Belarus",70.85371850754923
13,"Belarus",73.09350590697989
13,"Belarus",104.49998827401512
13,"Belarus",92.51316503005437
13,"Belarus",102.67753310008958
13,"Belarus",106.2191807545214
13,"Belarus",91.50707242123586
13,"Belarus",69.6808632034778
13,"Belarus",75.6632885555549
13,"Belarus",83.38046326734332
13,"Belarus",84.86349482815604
13,"Belarus",93.88222028465638
13,"Belarus",89.14587538047822
13,"Belarus",45.048298283883746
13,"Belarus",69.93688014515226
13,"Belarus",116.58628925997512
13,"Belarus",107.71952091217263
13,"Belarus",84.64031905842553
13,"Belarus",104.53615046930496
13,"Belarus",95.4808341271178
13,"Belarus",99.47440311363464
13,"Belarus",94.45046607677894
13,"Belarus",70.70465410344318
13,"Belarus",102.67434787696831
13,"Belarus",111.40899485194154
13,"Belarus",97.68516176714365
13,"Belarus",53.25549467915719
13,"Belarus",134.53634164813545
13,"Belarus",121.11424378118483
13,"Belarus",79.69405431140959
13,"Belarus",96.51166551147931
13,"Belarus",86.77447256388318
13,"Belarus",57.21809906408235
13,"Belarus",98.12551686032309
13,"Belarus",83.71235917112206
13,"Belarus",85.83095821863218
13,"Belarus",52.91937114311264
13,"Belarus",133.16715858907602
13,"Belarus",91.79239674637417
13,"Belarus",89.99229758870155
13,"Belarus",133.31167978990547
13,"Belarus",112.11960015391458
13,"Belarus",87.32636198586755
13,"Belarus",113.11425273936348
13,"Belarus",134.9169628752523
13,"Belarus",112.11548920378621
13,"Belarus",78.2110715784014
13,"Belarus",87.36060374864417
13,"Belarus",129.1951504326691
13,"Belarus",126.35516174738333
13,"Belarus",92.75558728380084
13,"Belarus",93.66185832910423
13,"Belarus",101.86099820772274
13,"Belarus",108.92959634695914
13,"Belarus",111.53986590959842
13,"Belarus",118.89743544679553
13,"Belarus",120.65305378025884
13,"Belarus",104.41529756699327
13,"Belarus",89.13928153440283
13,"Belarus",87.47897910318856
13,"Belarus",95.71376537208748
13,"Belarus",69.12724408820134
13,"Belarus",119.43154191363689
13,"Belarus",87.17883215995084
13,"Belarus",112.47474030378002
13,"Belarus",106.9911888776152
13,"Belarus",132.31943909094514
13,"Belarus",95.58500434864663
13,"Belarus",98.23928182812448
13,"Belarus",66.28765858021805
13,"Belarus",63.23049605127986
13,"Belarus",89.72503170038314
13,"Belarus",69.05642437760578
13,"Belarus",124.08749474466546
13,"Belarus",103.3541542224176
13,"Belarus",95.65202329091504
13,"Nepal",119.80384546679319
13,"Nepal",56.80119936724913
13,"Nepal",51.90511701670848
13,"Nepal",87.88073650397426
13,"Nepal",68.73315173437032
13,"Nepal",87.8886474787975
13,"Nepal",94.94428778755045
13,"Nepal",75.8639668727837
13,"Nepal",105.84475774504287
13,"Nepal",66.07304656213421
13,"Nepal",81.5597031189231
13,"Nepal",110.80664397500269
13,"Nepal",88.60156972890206
13,"Nepal",62.024543979066564
13,"Nepal",99.04271432536115
13,"Nepal",67.54850578095349
13,"Nepal",88.80697956026317
13,"Nepal",72.34907362911548
13,"Nepal",74.69838873500582
13,"Nepal",87.01992563850803
13,"Nepal",110.06580387586706
13,"Nepal",78.96039188630992
13,"Nepal",65.69357113690103
13,"Nepal",67.11537427039521
13,"Nepal",89.8481541672416
13,"Nepal",97.82100799167104
13,"Nepal",73.57432371521145
13,"Nepal",69.66431667954511
13,"Nepal",103.85432444951573
13,"Nepal",88.64653903678209
13,"Nepal",102.62799564152354
13,"Nepal",83.09008771003761
13,"Nepal",105.55140056403722
13,"Nepal",80.49062007546719
13,"Nepal",76.79149839750961
13,"Nepal",75.2808716714403
13,"Nepal",97.32661510483712
13,"Nepal",112.5725047821727
13,"Nepal",71.34309091832972
13,"Nepal",123.83819811668499
13,"Nepal",81.05332925326019
13,"Nepal",80.16218980845822
13,"Nepal",93.96073898803341
13,"Nepal",89.18241887558237
13,"Nepal",91.34904109728271
13,"Nepal",85.59169709587553
13,"Nepal",87.71314658065712
13,"Nepal",63.28293404819125
13,"Nepal",115.61147750029377
13,"Nepal",105.62157624545385
13,"Nepal",108.68751408109003
13,"Nepal",54.822774217481424
13,"Nepal",79.88808953809612
13,"Nepal",87.90688526312726
13,"Nepal",81.87300692305335
13,"Nepal",93.92079827932157
13,"Nepal",72.911104316392
13,"Nepal",90.52822641213783
13,"Nepal",80.07099059849175
13,"Nepal",111.04585763017472
13,"Nepal",106.12471441629592
13,"Nepal",97.25863301208355
13,"Nepal",91.49924203422665
13,"Nepal",58.53981713541369
13,"Nepal",78.62853827106072
13,"Nepal",72.68470617035976
13,"Nepal",82.41288589873605
13,"Nepal",61.51246010849558
13,"Nepal",74.03976386055527
13,"Nepal",117.56198078774187
13,"Nepal",128.9170625916126
13,"Nepal",102.84746338393916
13,"Nepal",72.07530964541785
13,"Nepal",116.67370312985858
13,"Nepal",96.09463986841656
13,"Nepal",121.21307279716999
13,"Nepal",92.54224536121895
13,"Nepal",70.82661407929392
13,"Nepal",86.15375603378257
13,"Nepal",77.7970861317286
13,"Nepal",73.69638984324767
13,"Nepal",67.04238564979113
13,"Nepal",94.87445265968233
13,"Nepal",66.66096799592894
13,"Nepal",34.039419748735966
13,"Nepal",85.8728632269416
13,"Nepal",77.27212155200152
13,"Nepal",80.76253794874208
13,"Nepal",89.21072301914306
13,"Nepal",99.2623132648496
13,"Nepal",108.69801601328257
13,"Nepal",114.76490473633343
13,"Nepal",85.31434098528013
13,"Nepal",74.72221307059827
13,"Nepal",63.40132998324013
13,"Nepal",89.07350638147203
13,"Nepal",70.37954191875232
13,"Nepal",46.211562287789064
13,"Nepal",89.72085258653576
13,"Nepal",63.3964384031777
13,"Nepal",60.14129453825014
13,"Nepal",96.37018925293583
13,"Nepal",77.65735060525583
13,"Nepal",104.67039925811353
13,"Nepal",71.2501219005651
13,"Nepal",107.76243138879262
13,"Nepal",67.37758814052535
13,"Nepal",78.6991555053514
13,"Nepal",101.0415679289578
13,"Nepal",98.04124066095416
13,"Nepal",80.59330189371222
14,"Colombia",138.4380562274367
14,"Colombia",116.32097505351338
14,"Colombia",113.80064982951598
14,"Colombia",79.67709723612299
14,"Colombia",113.14509105403654
14,"Colombia",113.00043570612415
14,"Colombia",123.29823513888194
14,"Colombia",114.75814076330704
14,"Colombia",101.14349815337845
14,"Colombia",112.04962949397095
14,"Colombia",80.37257921619104
14,"Colombia",123.26214248266147
14,"Colombia",129.12220779825316
14,"Colombia",130.89919174258054
14,"Colombia",115.34085829617983
14,"Colombia",130.33183780856783
14,"Colombia",107.59685577180974
14,"Colombia",124.92530317364046
14,"Colombia",101.73000461870392
14,"Colombia",100.56791306489082
14,"Colombia",108.01881275323964
14,"Colombia",126.17598988477513
14,"Colombia",115.0430722209711
14,"Colombia",105.33733368094335
14,"Colombia",111.8686361116763
14,"Colombia",95.87374577687967
14,"Colombia",142.6905728976948
14,"Colombia",92.38798918016117
14,"Colombia",124.75899087717511
14,"Colombia",128.66223110082316
14,"Colombia",110.435549257533
14,"Colombia",172.52399865239607
14,"Colombia",130.97893705083152
14,"Colombia",114.19721189564238
14,"Colombia",115.07493855501659
14,"Colombia",85.67636177786733
14,"Colombia",141.0979385859889
14,"Colombia",108.61367530432769
14,"Colombia",121.84774397399933
14,"Colombia",102.92018247632467
14,"Colombia",110.7542736598248
14,"Colombia",115.2763895654567
14,"Colombia",146.83567615356105
14,"Colombia",107.91807048857083
14,"Colombia",116.72585593194941
14,"Colombia",137.73136391293886
14,"Colombia",121.93997559192431
14,"Colombia",117.37181443842371
14,"Colombia",99.26250787887105
14,"Colombia",121.02542180182942
14,"Colombia",127.04501161275257
14,"Colombia",105.29197921531227
14,"Colombia",83.4701949546095
14,"Colombia",132.07067847905478
14,"Colombia",163.6091479140481
14,"Colombia",112.6502886874015
14,"Colombia",62.97601472518754
14,"Colombia",114.93099103641161
14,"Colombia",99.58858619367933
14,"Colombia",141.63925885506893
14,"Colombia",134.05649440392
14,"Colombia",84.15351989435784
14,"Colombia",135.37893413611815
14,"Colombia",136.6646046649578
14,"Colombia",127.3942577921448
14,"Colombia",118.65129218482723
14,"Colombia",98.4929581280273
14,"Colombia",122.0843537889371
14,"Colombia",110.12251357149538
14,"Colombia",125.12260807463151
14,"Colombia",66.26503607503784
14,"Colombia",92.39321579496936
14,"Colombia",96.45130803081055
14,"Colombia",125.49349311469852
14,"Colombia",119.2694777601953
14,"Colombia",121.51039480352684
14,"Colombia",101.59145506768763
14,"Colombia",109.3249800781295
14,"Colombia",129.1373867945744
14,"Colombia",144.13416802142433
14,"Colombia",154.70184915676236
14,"Colombia",100.83544581249775
14,"Colombia",93.85150361324048
14,"Colombia",118.8701875571508
14,"Colombia",95.33854430982458
14,"Colombia",111.25485088675157
14,"Colombia",83.56541644177662
14,"Colombia",91.59095519160822
14,"Colombia",140.240278171543
14,"Colombia",129.88130493009598
14,"Colombia",132.89974630442134
14,"Colombia",102.80146486166561
14,"Colombia",118.30733048889938
14,"Colombia",113.85335949450145
14,"Colombia",139.80449510363357
14,"Colombia",114.17011659366102
14,"Colombia",112.43856931248799
14,"Colombia",161.3161785177303
14,"Colombia",109.19903094530336
14,"Colombia",116.02065147048852
14,"Colombia",129.42527811722894
14,"Colombia",120.06326579114194
14,"Colombia",96.45590374086925
14,"Colombia",113.07461135631645
14,"Colombia",114.76749316825993
14,"Colombia",99.06110904590905
14,"Colombia",114.83543115593088
14,"Colombia",122.78803178238272
14,"Colombia",152.00391850146133
14,"Colombia",79.08870122260527
14,"Colombia",128.09201466722763
14,"Colombia",99.39330697688911
14,"Colombia",93.55468794963663
14,"Colombia",97.34200277177958
14,"Colombia",98.66118667267828
14,"Colombia",81.81244794202189
14,"Colombia",144.07830036530368
14,"Colombia",115.32185847457224
14,"Colombia",122.91654647148425
14,"Colombia",131.11000792603429
14,"Colombia",164.36851094360082
14,"Colombia",136.1371319268155
14,"Colombia",95.78759538560688
14,"Rwanda",94.61354878493805
14,"Rwanda",96.80105887972563
14,"Rwanda",105.86309049282343
14,"Rwanda",105.07972594338905
14,"Rwanda",88.05604455281349
14,"Rwanda",148.06181279743902
14,"Rwanda",93.78461218633863
14,"Rwanda",90.95679170580964
14,"Rwanda",131.10380441151216
14,"Rwanda",137.9709257482492
14,"Rwanda",98.15948067656805
14,"Rwanda",92.16453513038077
14,"Rwanda",141.83823724672325
14,"Rwanda",136.27064312751372
14,"Rwanda",67.57743043896627
14,"Rwanda",137.81143955277713
14,"Rwanda",116.98532911286979
14,"Rwanda",73.4791087544312
14,"Rwanda",97.40316629438138
14,"Rwanda",73.8653515666031
14,"Rwanda",83.13792153088204
14,"Rwanda",67.5226754647767
14,"Rwanda",138.0393916030247
14,"Rwanda",86.37405832663809
14,"Rwanda",122.09326699571717
14,"Rwanda",141.4910012708291
14,"Rwanda",112.55931565874606
14,"Rwanda",104.95090075112579
14,"Rwanda",130.760402449455
14,"Rwanda",105.36156716294371
14,"Rwanda",143.20212772130287
14,"Rwanda",94.58359857720478
14,"Rwanda",113.14956755766372
14,"Rwanda",101.9361566005289
14,"Rwanda",98.3374451575799
14,"Rwanda",142.517895630327
14,"Rwanda",120.49962528549703
14,"Rwanda",79.4921068634318
14,"Rwanda",136.50037043811724
14,"Rwanda",122.39623988644796
14,"Rwanda",132.6252794366781
14,"Rwanda",104.04837049668531
14,"Rwanda",134.11456933983789
14,"Rwanda",99.09692320969563
14,"Rwanda",89.03929984618777
14,"Rwanda",80.53643485396363
14,"Rwanda",139.9978083193236
14,"Rwanda",132.18573340612107
14,"Rwanda",85.04917939390995
14,"Rwanda",116.30320612797028
14,"Rwanda",94.67198096651731
14,"Rwanda",112.56690578135021
14,"Rwanda",140.3745723619575
14,"Rwanda",130.93770908002116
14,"Rwanda",98.555511283388
14,"Rwanda",74.88550564305186
14,"Rwanda",107.69094288438285
14,"Rwanda",121.12462621366089
14,"Rwanda",121.53295699914511
14,"Rwanda",110.93458609638823
14,"Rwanda",144.34682295589778
14,"Rwanda",125.58119811988031
14,"Rwanda",83.59427419671627
14,"Rwanda",126.60294420336731
14,"Rwanda",90.78520427056026
14,"Rwanda",145.98040866624942
14,"Rwanda",92.69178172625593
14,"Rwanda",100.33995189955616
14,"Rwanda",76.13969717060971
14,"Rwanda",122.79168469372473
14,"Rwanda",131.50628178015126
14,"Rwanda",115.31249745588913
14,"Rwanda",125.69244118171314
14,"Rwanda",125.30576840323948
14,"Rwanda",133.9422859858771
14,"Rwanda",141.49259980397372
14,"Rwanda",103.3557870926794
14,"Rwanda",120.42996399301207
14,"Rwanda",120.64194194012192
14,"Rwanda",148.73335095528816
14,"Rwanda",117.46171259511858
14,"Rwanda",126.77366146798086
14,"Rwanda",148.3064723537657
14,"Rwanda",107.36665779806026
14,"Rwanda",135.057082303324
14,"Rwanda",108.9180766090464
14,"Rwanda",156.90059127118155
14,"Rwanda",77.34095051934722
14,"Rwanda",155.56362024367746
14,"Rwanda",90.94414736467056
14,"Rwanda",79.53837256636774
14,"Rwanda",125.72725031137922
14,"Rwanda",140.2408535339369
14,"Rwanda",93.41100279361768
14,"Rwanda",103.57889653042847
14,"Rwanda",132.2631550697514
14,"Rwanda",126.61192415121444
14,"Rwanda",128.01726440722416
14,"Rwanda",180.16259864588076
14,"Rwanda",124.88181189896754
14,"Rwanda",112.4012611595004
14,"Rwanda",87.9788682297393
14,"Rwanda",94.86498075820528
14,"Rwanda",86.13023511141003
14,"Rwanda",168.31051592655274
14,"Rwanda",143.064616767604
14,"Rwanda",140.50983627789972
14,"Rwanda",116.99559852094009
14,"Rwanda",110.9725677105971
14,"Rwanda",74.51510745488355
14,"Rwanda",119.3018190950848
14,"Rwanda",110.43218356397739
14,"Rwanda",136.6543308927265
14,"Rwanda",82.77761057981064
14,"Rwanda",159.79047928999188
14,"Rwanda",164.83099373261211
14,"Rwanda",116.98173872850474
14,"Rwanda",115.69599915849288
14,"Rwanda",137.23731687237503
14,"Rwanda",113.64211844394846
14,"Rwanda",61.85894035508823
14,"Rwanda",135.75766874709817
14,"Rwanda",130.55626951393245
14,"Rwanda",161.10881345492095
14,"Rwanda",109.40798719634165
14,"Rwanda",125.31406024421769
15,"Greece",99.74777728869743
15,"Greece",96.26118203292859
15,"Greece",117.69637101083067
15,"Greece",112.9662204806328
15,"Greece",98.36881191062733
15,"Greece",104.47798190495614
15,"Greece",115.01045328662057
15,"Greece",112.95421840011919
15,"Greece",117.23692154735562
15,"Greece",103.7349356058079
15,"Greece",92.20156877873599
15,"Greece",106.35431580025556
15,"Greece",114.78990087585228
15,"Greece",99.2906816077882
15,"Greece",105.09399439784313
15,"Greece",96.65337624294051
15,"Greece",104.08804745081498
15,"Greece",88.67421527909816
15,"Greece",112.37393916877183
15,"Greece",90.14898196766414
15,"Greece",103.93890730135246
15,"Greece",80.5434519519533
15,"Greece",95.89695971540999
15,"Greece",112.14818978175755
15,"Greece",130.46727778273583
15,"Greece",115.6212561009743
15,"Greece",108.15580728850979
15,"Greece",115.46736449296742
15,"Greece",112.1526287269023
15,"Greece",110.55761668667435
15,"Greece",100.6635898887709
15,"Greece",109.74569866781644
15,"Greece",106.59467750046224
15,"Greece",92.11816176975637
15,"Greece",103.80988777175645
15,"Greece",99.42733783989334
15,"Greece",93.31126810174968
15,"Greece",97.33704658849149
15,"Greece",103.0931259711711
15,"Greece",107.38175037827477
15,"Greece",119.04267035299479
15,"Greece",139.03540804813053
15,"Greece",85.79223540606444
15,"Greece",115.74533569965809
15,"Greece",96.6513210393726
15,"Greece",115.93631484089084
15,"Greece",119.71646021318148
15,"Greece",107.8171162189538
15,"Greece",103.80477165526058
15,"Greece",107.5647995667521
15,"Greece",102.04337149077593
15,"Greece",118.85236644869579
15,"Greece",94.3752832741541
15,"Greece",81.92481913661291
15,"Greece",105.80737182354417
15,"Greece",92.20937161340001
15,"Greece",100.7704361862016
15,"Greece",88.55869192529431
15,"Greece",106.47383020368183
15,"Greece",104.64413204883908
15,"Greece",94.78044195136013
15,"Greece",98.3695356820162
15,"Greece",101.9169700270723
15,"Greece",106.98596770130283
15,"Greece",105.20860852181363
15,"Greece",125.31386939567544
15,"Greece",120.29984197056626
15,"Greece",90.38324028620289
15,"Greece",95.79727316148812
15,"Greece",100.20675550179861
15,"Greece",88.7818468349384
15,"Greece",101.1150772335223
15,"Greece",110.09410260598673
15,"Greece",110.75846831546578
15,"Greece",100.29870378661661
15,"Greece",95.92637932856995
15,"Greece",102.35473167268722
15,"Greece",123.5502388593721
15,"Greece",113.14960180449997
15,"Greece",86.92822850964149
15,"Greece",118.16513611530276
15,"Greece",98.83585264831062
15,"Greece",84.54619784328985
15,"Greece",104.49949593332832
15,"Greece",104.82250318930336
15,"Greece",97.3704244144219
15,"Greece",103.27966274357853
15,"Greece",92.1228857581009
15,"Greece",104.3026020801271
15,"Greece",82.79713332755594
15,"Greece",121.65839377907793
15,"Greece",103.69091312452171
15,"Greece",113.08778166387756
15,"Greece",114.112303280883
15,"Greece",110.88397635834882
15,"Greece",123.62368049722512
15,"Greece",121.32472306281358
15,"Greece",86.31792578242901
15,"Greece",99.28562195855478
15,"Greece",93.16673218516483
15,"Greece",100.51921121802437
15,"Greece",88.86243723600546
15,"Greece",108.3589902047461
15,"Greece",105.35044250726085
15,"Greece",111.47559050093457
15,"Greece",103.23108972615664
15,"Greece",118.61379800615525
15,"Greece",121.9614655366566
15,"Greece",91.1142207718734
15,"Greece",80.35662184058505
15,"Greece",112.28619776218311
15,"Greece",125.74781987959305
15,"Greece",89.19169181325029
15,"Greece",94.24860561596472
15,"Greece",117.73284846956221
15,"Greece",103.73014544073011
15,"Greece",101.06997928549808
15,"Greece",119.45379358915648
15,"Greece",85.63644727467668
15,"Greece",100.11923312728786
15,"Greece",83.52129287929512
15,"British Virgin Islands",99.88932509113468
15,"British Virgin Islands",98.89978338918141
15,"British Virgin Islands",108.58979975077278
15,"British Virgin Islands",132.90992486112776
15,"British Virgin Islands",110.70515183757362
15,"British Virgin Islands",113.77020812336482
15,"British Virgin Islands",100.21061320227757
15,"British Virgin Islands",116.28845794904333
15,"British Virgin Islands",103.92220185639579
15,"British Virgin Islands",140.02732672697678
15,"British Virgin Islands",106.09159062626189
15,"British Virgin Islands",127.84853198035697
15,"British Virgin Islands",117.23795475575474
15,"British Virgin Islands",76.47558753375928
15,"British Virgin Islands",108.75725957394266
15,"British Virgin Islands",107.44179138818757
15,"British Virgin Islands",94.68679460220946
15,"British Virgin Islands",94.66659616862282
15,"British Virgin Islands",84.37418507471457
15,"British Virgin Islands",127.53987172760576
15,"British Virgin Islands",107.77509994599951
15,"British Virgin Islands",105.17097089136651
15,"British Virgin Islands",111.76606655305619
15,"British Virgin Islands",120.88779773347139
15,"British Virgin Islands",100.66088455577346
15,"British Virgin Islands",118.89599379223434
15,"British Virgin Islands",103.02152128773348
15,"British Virgin Islands",99.95455122419466
15,"British Virgin Islands",114.28819068310584
15,"British Virgin Islands",117.87378071146946
15,"British Virgin Islands",121.22214020559564
15,"British Virgin Islands",116.46459968083239
15,"British Virgin Islands",113.396263700987
15,"British Virgin Islands",106.76451101972236
15,"British Virgin Islands",123.6344965980841
15,"British Virgin Islands",113.72213938748436
15,"British Virgin Islands",104.01557864168576
15,"British Virgin Islands",106.77143783949344
15,"British Virgin Islands",103.16687521785677
15,"British Virgin Islands",100.76914646617257
15,"British Virgin Islands",104.18941613230143
15,"British Virgin Islands",116.11639022722252
15,"British Virgin Islands",130.35021551872643
15,"British Virgin Islands",108.71026132265806
15,"British Virgin Islands",110.03188286967213
15,"British Virgin Islands",103.49759158203139
15,"British Virgin Islands",101.15807753956258
15,"British Virgin Islands",107.46175879634723
15,"British Virgin Islands",109.6204308852149
15,"British Virgin Islands",86.01221285402957
15,"British Virgin Islands",132.23597452082086
15,"British Virgin Islands",108.72982786243512
15,"British Virgin Islands",108.08334427209091
15,"British Virgin Islands",119.36468523901993
15,"British Virgin Islands",127.39755074357109
15,"British Virgin Islands",110.516642305178
15,"British Virgin Islands",93.05741118804258
15,"British Virgin Islands",107.3497158295
15,"British Virgin Islands",85.0990258898943
15,"British Virgin Islands",109.21391276556527
15,"British Virgin Islands",112.4879288661728
15,"British Virgin Islands",88.53294240450118
15,"British Virgin Islands",121.11014276899279
15,"British Virgin Islands",103.8141624991286
15,"British Virgin Islands",102.40295654652012
15,"British Virgin Islands",101.57967484020554
15,"British Virgin Islands",82.16590396781734
15,"British Virgin Islands",106.00864230972446
15,"British Virgin Islands",95.35812293920087
15,"British Virgin Islands",96.99729192623693
15,"British Virgin Islands",118.51388184711224
15,"British Virgin Islands",92.21793867238976
15,"British Virgin Islands",100.67656751669206
15,"British Virgin Islands",106.20226535695716
15,"British Virgin Islands",111.56854090041188
15,"British Virgin Islands",132.42139277835395
15,"British Virgin Islands",108.75730884142803
15,"British Virgin Islands",117.82642616761312
15,"British Virgin Islands",116.39385383980782
15,"British Virgin Islands",106.19298002170908
15,"British Virgin Islands",119.59133250049294
15,"British Virgin Islands",105.0322857221568
15,"British Virgin Islands",116.55006476209009
15,"British Virgin Islands",90.51923696350212
15,"British Virgin Islands",112.21449647163408
15,"British Virgin Islands",114.66639699677916
15,"British Virgin Islands",103.6395010461886
15,"British Virgin Islands",103.78994562282547
15,"British Virgin Islands",102.11232797198335
15,"British Virgin Islands",106.15070098276368
15,"British Virgin Islands",84.10806278514796
15,"British Virgin Islands",122.442402546716
15,"British Virgin Islands",106.69220536721247
15,"British Virgin Islands",119.55391966263977
15,"British Virgin Islands",85.95515413479237
15,"British Virgin Islands",106.92467080015572
15,"British Virgin Islands",108.95503246872354
15,"British Virgin Islands",123.39039187421409
15,"British Virgin Islands",106.70908420571507
15,"British Virgin Islands",118.2488409421031
15,"British Virgin Islands",124.74603269229749
15,"British Virgin Islands",95.56027596549137
15,"British Virgin Islands",116.45827616371477
15,"British Virgin Islands",124.38008950260313
15,"British Virgin Islands",120.87008139751943
15,"British Virgin Islands",103.3895087573038
15,"British Virgin Islands",117.26211793761934
15,"British Virgin Islands",112.7141981040682
15,"British Virgin Islands",121.95577963748438
15,"British Virgin Islands",106.66708842811325
15,"British Virgin Islands",109.18188076302572
15,"British Virgin Islands",123.41221416048302
15,"British Virgin Islands",99.8471563759351
15,"British Virgin Islands",103.90998904143267
15,"British Virgin Islands",100.6266420263856
15,"British Virgin Islands",89.43368495637081
15,"British Virgin Islands",98.58991717344824
15,"British Virgin Islands",118.6880745113682
15,"British Virgin Islands",117.1134451307877
16,"Norway",90.89903250659773
16,"Norway",100.24076520148029
16,"Norway",120.48924421704346
16,"Norway",88.88112398087479
16,"Norway",98.6528348027137
16,"Norway",97.43914701706339
16,"Norway",116.06429669231093
16,"Norway",104.58617264223304
16,"Norway",120.24680622197485
16,"Norway",89.57551682404298
16,"Norway",121.94265419726081
16,"Norway",104.98974545127177
16,"Norway",91.88209138373871
16,"Norway",105.50185362734766
16,"Norway",110.46550154923392
16,"Norway",88.11626786866962
16,"Norway",126.54910968795953
16,"Norway",125.80487014166366
16,"Norway",109.29828305638311
16,"Norway",132.72157542044022
16,"Norway",114.17704035648201
16,"Norway",111.85449461626858
16,"Norway",100.1011308956441
16,"Norway",116.18021348116336
16,"Norway",106.87432602362222
16,"Norway",95.29363444612298
16,"Norway",91.68976604926695
16,"Norway",108.08956062512883
16,"Norway",127.79597506696015
16,"Norway",112.25484706101707
16,"Norway",117.1814928965739
16,"Norway",102.21978948330522
16,"Norway",112.19543097816516
16,"Norway",97.32521143047973
16,"Norway",124.04122289327742
16,"Norway",128.7347505747057
16,"Norway",104.3970950056998
16,"Norway",96.51442790760265
16,"Norway",99.52185449197924
16,"Norway",90.3587495401924
16,"Norway",105.44767580071756
16,"Norway",102.10166943569705
16,"Norway",108.45774058180044
16,"Norway",98.68710477651231
16,"Norway",104.62815041625025
16,"Norway",116.33393343900218
16,"Norway",84.75224898515448
16,"Norway",121.80819113955211
16,"Norway",124.31760068713645
16,"Norway",92.3133007699877
16,"Norway",94.55902636653448
16,"Norway",116.83652177907778
16,"Norway",88.53189729466908
16,"Norway",129.99247406511216
16,"Norway",107.65963675283112
16,"Norway",114.21304854328815
16,"Norway",92.03866986585389
16,"Norway",105.52859131824054
16,"Norway",112.653052776729
16,"Norway",98.6327354918673
16,"Norway",121.94080728285476
16,"Norway",91.1773809759157
16,"Norway",95.4005769695413
16,"Norway",99.0235549509066
16,"Norway",91.8876687721838
16,"Norway",104.32185609984087
16,"Norway",117.52935078715537
16,"Norway",110.76262763545527
16,"Norway",97.32439138046608
16,"Norway",130.8220654289329
16,"Norway",93.94289176062769
16,"Norway",125.16825089948242
16,"Norway",127.37766918997272
16,"Norway",98.06291008265133
16,"Norway",134.95973887405748
16,"Norway",107.69728693462237
16,"Norway",120.98315544087417
16,"Norway",103.39226734735809
16,"Norway",115.27338795110455
16,"Norway",98.8689496712719
16,"Norway",120.66868788675173
16,"Norway",81.726347803937
16,"Norway",105.13959306725732
16,"Norway",103.55796199776603
16,"Norway",117.10687636793476
16,"Norway",120.29171762327039
16,"Norway",97.7614755456398
16,"Norway",106.53897184535047
16,"Norway",95.45299097294279
16,"Norway",92.45411790846113
16,"Norway",97.27704100371776
16,"Norway",114.40293698767893
16,"Norway",107.81663884993984
16,"Norway",123.92678815320514
16,"Norway",118.11095986318028
16,"Norway",88.74407675221818
16,"Norway",110.15072462615944
16,"Norway",100.35060178903147
16,"Norway",91.98152694373225
16,"Norway",117.54081525149942
16,"Norway",123.33551577882203
16,"Norway",125.67989833319015
16,"Norway",89.90198363404252
16,"Norway",105.63549229607656
16,"Norway",104.85539510121565
16,"Norway",135.14191260777804
16,"Norway",116.17070100283603
16,"Norway",107.10819275355898
16,"Norway",107.99336353369709
16,"Norway",115.62849403073412
16,"Norway",97.16001027586408
16,"Norway",106.2214028699765
16,"Norway",103.62468640988838
16,"Norway",107.93888707460763
16,"Norway",107.30955259304679
16,"Norway",95.54716164251663
16,"Norway",113.50291051838012
16,"Norway",103.31231834847819
16,"Norway",93.81495893488038
16,"Norway",97.95944121567186
16,"Norway",117.51654705489096
16,"Norway",111.49502901172032
16,"Gibraltar",116.32152334566064
16,"Gibraltar",96.73879269885813
16,"Gibraltar",126.72550464661082
16,"Gibraltar",118.51264836013746
16,"Gibraltar",81.82242042580708
16,"Gibraltar",98.13815290953383
16,"Gibraltar",104.11524371431817
16,"Gibraltar",123.72910618626577
16,"Gibraltar",107.78916156658256
16,"Gibraltar",103.49348616454853
16,"Gibraltar",93.51886502753236
16,"Gibraltar",114.78476856937881
16,"Gibraltar",130.08141736472368
16,"Gibraltar",106.26799041757153
16,"Gibraltar",102.56508570021998
16,"Gibraltar",109.51782694426622
16,"Gibraltar",94.68693345805853
16,"Gibraltar",90.8261242631031
16,"Gibraltar",83.4277092920809
16,"Gibraltar",105.55212682365745
16,"Gibraltar",121.24579550966214
16,"Gibraltar",119.62250611213861
16,"Gibraltar",81.79576618988517
16,"Gibraltar",115.13830113982617
16,"Gibraltar",94.76539539366333
16,"Gibraltar",94.81299811584744
16,"Gibraltar",107.12645643674651
16,"Gibraltar",120.79027376136082
16,"Gibraltar",110.34369171630306
16,"Gibraltar",110.46015567791319
16,"Gibraltar",127.30350252740175
16,"Gibraltar",88.49248322453285
16,"Gibraltar",102.00369779461789
16,"Gibraltar",126.36854714192879
16,"Gibraltar",116.52924695120365
16,"Gibraltar",120.36105807697422
16,"Gibraltar",118.0727246971126
16,"Gibraltar",99.16909985253864
16,"Gibraltar",118.23289554749175
16,"Gibraltar",89.90063286758613
16,"Gibraltar",118.09882303968465
16,"Gibraltar",112.34743817018723
16,"Gibraltar",111.28553415162487
16,"Gibraltar",117.06977162458374
16,"Gibraltar",111.88549967649185
16,"Gibraltar",114.42388739826038
16,"Gibraltar",105.24255449659233
16,"Gibraltar",114.57244829793561
16,"Gibraltar",109.64234173477786
16,"Gibraltar",136.41742083578796
16,"Gibraltar",116.72025958735108
16,"Gibraltar",130.82189676612637
16,"Gibraltar",123.75583808411511
16,"Gibraltar",120.76384726719547
16,"Gibraltar",108.6927245862268
16,"Gibraltar",116.73309872352988
16,"Gibraltar",120.57751046657799
16,"Gibraltar",109.00639914819213
16,"Gibraltar",125.8039996287382
16,"Gibraltar",92.21873766405389
16,"Gibraltar",132.5433523532056
16,"Gibraltar",113.34402919630612
16,"Gibraltar",98.29373315002039
16,"Gibraltar",115.55659042196288
16,"Gibraltar",110.5333110092639
16,"Gibraltar",100.9424268162486
16,"Gibraltar",121.42316767059903
16,"Gibraltar",108.14393430408988
16,"Gibraltar",87.67705956811245
16,"Gibraltar",99.61631742044442
16,"Gibraltar",108.46135063092757
16,"Gibraltar",117.19358600469154
16,"Gibraltar",117.38687741435052
16,"Gibraltar",125.15492073017197
16,"Gibraltar",103.01606082958907
16,"Gibraltar",105.65728696620769
16,"Gibraltar",105.41603764966645
16,"Gibraltar",103.6192141882434
16,"Gibraltar",112.08983333841769
16,"Gibraltar",125.68710251720425
16,"Gibraltar",91.41913386414109
16,"Gibraltar",102.42212780049628
16,"Gibraltar",99.08187138948233
16,"Gibraltar",101.22085129793496
16,"Gibraltar",113.65702655118989
16,"Gibraltar",113.0348524600125
16,"Gibraltar",101.68477559315444
16,"Gibraltar",97.72619918603564
16,"Gibraltar",114.23331344475365
16,"Gibraltar",130.4602846390701
16,"Gibraltar",110.79241462530634
16,"Gibraltar",103.19206344565035
16,"Gibraltar",124.21929540823106
16,"Gibraltar",110.64725906703572
16,"Gibraltar",91.58585239901402
16,"Gibraltar",101.04903443403626
16,"Gibraltar",108.35206037619481
16,"Gibraltar",122.45355222204415
16,"Gibraltar",113.68240563338881
16,"Gibraltar",123.69460303212561
16,"Gibraltar",103.96438089144124
16,"Gibraltar",121.01097425395682
16,"Gibraltar",106.45905250042306
16,"Gibraltar",94.70045772920156
16,"Gibraltar",100.2683274134114
16,"Gibraltar",110.51144523315604
16,"Gibraltar",113.49288012472856
16,"Gibraltar",121.39461999567028
16,"Gibraltar",106.67146162463735
16,"Gibraltar",102.86128255487199
16,"Gibraltar",106.89373184209974
16,"Gibraltar",121.95781447673836
16,"Gibraltar",104.51478130716859
16,"Gibraltar",116.19230246877791
17,"East Timor",110.34458123037193
17,"East Timor",103.18653855910976
17,"East Timor",101.75644547248586
17,"East Timor",114.32369487445978
17,"East Timor",98.98968638752692
17,"East Timor",124.33343394537584
17,"East Timor",111.4450016425416
17,"East Timor",111.26683898435044
17,"East Timor",98.82783653498267
17,"East Timor",119.79262952844581
17,"East Timor",125.0989567598943
17,"East Timor",118.95907807264318
17,"East Timor",124.80851135381322
17,"East Timor",106.32385700647086
17,"East Timor",122.07993160643879
17,"East Timor",115.96790447383677
17,"East Timor",113.9950406545373
17,"East Timor",86.13962247117388
17,"East Timor",112.92897960651746
17,"East Timor",101.84419537036419
17,"East Timor",111.48552030038
17,"East Timor",129.39961266332475
17,"East Timor",121.85567392006274
17,"East Timor",102.32887552524355
17,"East Timor",126.05052410068507
17,"East Timor",121.04401319483478
17,"East Timor",95.37186097449641
17,"East Timor",136.49608896347195
17,"East Timor",105.10483594031173
17,"East Timor",88.7909598261021
17,"East Timor",117.91961244878112
17,"East Timor",85.19472335785179
17,"East Timor",127.96424115069561
17,"East Timor",67.32570705767533
17,"East Timor",112.75530447472758
17,"East Timor",114.79548607221179
17,"East Timor",126.22330468853824
17,"East Timor",137.49883092549047
17,"East Timor",114.36372595888236
17,"East Timor",104.87037213317781
17,"East Timor",100.21956115546212
17,"East Timor",129.61101009842568
17,"East Timor",72.73811370253708
17,"East Timor",99.47501714497437
17,"East Timor",99.80737559591265
17,"East Timor",101.10793142869127
17,"East Timor",123.42068913618661
17,"East Timor",114.25552049915838
17,"East Timor",116.38336679758156
17,"East Timor",108.56535778947598
17,"East Timor",111.63792010593367
17,"East Timor",107.78105363006694
17,"East Timor",123.28405818624883
17,"East Timor",115.22098182954153
17,"East Timor",116.03068360722398
17,"East Timor",110.20749589532593
17,"East Timor",110.21655983984257
17,"East Timor",105.74351067664227
17,"East Timor",91.23714406147668
17,"East Timor",113.48940586078133
17,"East Timor",105.04970211586098
17,"East Timor",88.00492961485162
17,"East Timor",118.6042092430626
17,"East Timor",117.12704092388654
17,"East Timor",111.50299089071437
17,"East Timor",117.26423108795022
17,"East Timor",114.83158757466869
17,"East Timor",108.27316348373962
17,"East Timor",113.97260586130112
17,"East Timor",105.11990571532148
17,"East Timor",108.29321094487509
17,"East Timor",112.38927530966546
17,"East Timor",113.25687329867196
17,"East Timor",109.49818491276135
17,"East Timor",104.5792599937858
17,"East Timor",107.65150539311567
17,"East Timor",109.66702093981493
17,"East Timor",107.92890248802796
17,"East Timor",103.53558176011722
17,"East Timor",115.7020616201045
17,"East Timor",112.66282562286214
17,"East Timor",104.71578910819987
17,"East Timor",114.4940481725433
17,"East Timor",106.0007395292895
17,"East Timor",132.22249807935603
17,"East Timor",97.3127829964154
17,"East Timor",111.65521173531576
17,"East Timor",129.31030584849242
17,"East Timor",123.8862264128374
17,"East Timor",89.86410727549554
17,"East Timor",104.39965438121726
17,"East Timor",105.0111953544541
17,"East Timor",111.25710425380558
17,"East Timor",114.83554072130502
17,"East Timor",86.14532928733473
17,"East Timor",108.4470429184123
17,"East Timor",109.07505987015473
17,"East Timor",91.62552757591897
17,"East Timor",93.55942723348153
17,"East Timor",90.01325436169904
17,"East Timor",113.20018896949117
17,"East Timor",99.4350756652385
17,"East Timor",90.72081437757893
17,"East Timor",102.54995583488927
17,"East Timor",118.37599395537326
17,"East Timor",91.51612631916083
17,"East Timor",118.02429246354556
17,"East Timor",113.46422033253526
17,"East Timor",98.56593023199622
17,"East Timor",117.84598795011611
17,"East Timor",112.8473880070791
17,"East Timor",94.86021582553688
17,"East Timor",104.32140393909384
17,"East Timor",90.16403282249877
17,"East Timor",112.77998369848018
17,"United States Minor Outlying Islands",121.66451441651303
17,"United States Minor Outlying Islands",104.3671409999216
17,"United States Minor Outlying Islands",115.54538220144798
17,"United States Minor Outlying Islands",120.73247930683851
17,"United States Minor Outlying Islands",115.9014753868563
17,"United States Minor Outlying Islands",103.65173637289618
17,"United States Minor Outlying Islands",137.24703861088943
17,"United States Minor Outlying Islands",110.81139986794827
17,"United States Minor Outlying Islands",112.18238871405075
17,"United States Minor Outlying Islands",102.13096107434178
17,"United States Minor Outlying Islands",105.53969865535102
17,"United States Minor Outlying Islands",104.26123274834902
17,"United States Minor Outlying Islands",116.57694325208006
17,"United States Minor Outlying Islands",121.92050941882424
17,"United States Minor Outlying Islands",101.20163701138658
17,"United States Minor Outlying Islands",104.1155377955786
17,"United States Minor Outlying Islands",98.2042967840393
17,"United States Minor Outlying Islands",124.05284486809961
17,"United States Minor Outlying Islands",98.4925574617011
17,"United States Minor Outlying Islands",120.51818825366725
17,"United States Minor Outlying Islands",103.47685163342364
17,"United States Minor Outlying Islands",111.22193382263472
17,"United States Minor Outlying Islands",94.40177167629177
17,"United States Minor Outlying Islands",113.2711530110672
17,"United States Minor Outlying Islands",108.7705988375657
17,"United States Minor Outlying Islands",117.82908458883784
17,"United States Minor Outlying Islands",124.3042376776877
17,"United States Minor Outlying Islands",100.86692360631987
17,"United States Minor Outlying Islands",92.76910251126648
17,"United States Minor Outlying Islands",107.67003508127156
17,"United States Minor Outlying Islands",104.08274926280731
17,"United States Minor Outlying Islands",114.43193665938253
17,"United States Minor Outlying Islands",108.20319337017959
17,"United States Minor Outlying Islands",108.59524399077594
17,"United States Minor Outlying Islands",102.71772897963143
17,"United States Minor Outlying Islands",110.88937103880265
17,"United States Minor Outlying Islands",93.95032111548093
17,"United States Minor Outlying Islands",128.09424721792996
17,"United States Minor Outlying Islands",97.10105769709688
17,"United States Minor Outlying Islands",110.75761205604964
17,"United States Minor Outlying Islands",109.64087203941693
17,"United States Minor Outlying Islands",89.19965785381517
17,"United States Minor Outlying Islands",126.27999191178355
17,"United States Minor Outlying Islands",123.2183104093009
17,"United States Minor Outlying Islands",117.0039236953897
17,"United States Minor Outlying Islands",103.24096856633129
17,"United States Minor Outlying Islands",123.8407225013932
17,"United States Minor Outlying Islands",101.52199181178298
17,"United States Minor Outlying Islands",118.84999897255503
17,"United States Minor Outlying Islands",113.83724743617252
17,"United States Minor Outlying Islands",104.02704676701867
17,"United States Minor Outlying Islands",105.86742814696545
17,"United States Minor Outlying Islands",114.0047047491863
17,"United States Minor Outlying Islands",114.83817207395582
17,"United States Minor Outlying Islands",98.54574468266696
17,"United States Minor Outlying Islands",113.73130614175584
17,"United States Minor Outlying Islands",100.67492475649638
17,"United States Minor Outlying Islands",98.78702186896088
17,"United States Minor Outlying Islands",94.79341088304452
17,"United States Minor Outlying Islands",121.59994053324299
17,"United States Minor Outlying Islands",94.85071405523573
17,"United States Minor Outlying Islands",102.23476587570354
17,"United States Minor Outlying Islands",120.03300638733936
17,"United States Minor Outlying Islands",94.48501577205901
17,"United States Minor Outlying Islands",147.7021521475541
17,"United States Minor Outlying Islands",135.72914742022465
17,"United States Minor Outlying Islands",125.76369907845442
17,"United States Minor Outlying Islands",118.77347207531125
17,"United States Minor Outlying Islands",112.81486342388514
17,"United States Minor Outlying Islands",120.41611195877222
17,"United States Minor Outlying Islands",97.9851182691725
17,"United States Minor Outlying Islands",132.74088020822063
17,"United States Minor Outlying Islands",120.48449127377768
17,"United States Minor Outlying Islands",96.85642647521959
17,"United States Minor Outlying Islands",100.1833466496735
17,"United States Minor Outlying Islands",108.98202788026715
17,"United States Minor Outlying Islands",120.05079572999088
17,"United States Minor Outlying Islands",116.96040569471961
17,"United States Minor Outlying Islands",91.29801490596734
17,"United States Minor Outlying Islands",122.81498447927703
17,"United States Minor Outlying Islands",119.90026256168822
17,"United States Minor Outlying Islands",101.5263443461126
17,"United States Minor Outlying Islands",108.28416362883418
17,"United States Minor Outlying Islands",107.84276648560127
17,"United States Minor Outlying Islands",129.96617070751591
17,"United States Minor Outlying Islands",89.79159614291497
17,"United States Minor Outlying Islands",112.78629131318283
17,"United States Minor Outlying Islands",111.27582720517091
17,"United States Minor Outlying Islands",98.8010600477734
17,"United States Minor Outlying Islands",105.12962463631415
17,"United States Minor Outlying Islands",121.31274278618278
17,"United States Minor Outlying Islands",113.04188360937144
17,"United States Minor Outlying Islands",92.86562423220509
17,"United States Minor Outlying Islands",125.60204216641529
17,"United States Minor Outlying Islands",109.0847133770058
17,"United States Minor Outlying Islands",108.58843337700633
17,"United States Minor Outlying Islands",106.47086032520554
17,"United States Minor Outlying Islands",106.01574908832804
17,"United States Minor Outlying Islands",112.45928867182393
17,"United States Minor Outlying Islands",113.56971873667473
17,"United States Minor Outlying Islands",134.01087852361553
17,"United States Minor Outlying Islands",100.78967494828701
17,"United States Minor Outlying Islands",114.68004296881372
17,"United States Minor Outlying Islands",116.7432479254951
17,"United States Minor Outlying Islands",128.38595591752497
17,"United States Minor Outlying Islands",114.21895011060427
17,"United States Minor Outlying Islands",123.67272198250244
17,"United States Minor Outlying Islands",119.51342550604237
17,"United States Minor Outlying Islands",98.5848210760756
17,"United States Minor Outlying Islands",116.31680706906093
17,"United States Minor Outlying Islands",117.55442342546834
17,"United States Minor Outlying Islands",109.78071461885139
17,"United States Minor Outlying Islands",92.56273094935483
17,"United States Minor Outlying Islands",116.47213105794911
17,"United States Minor Outlying Islands",97.50090545752931
17,"United States Minor Outlying Islands",116.72692247276136
17,"United States Minor Outlying Islands",116.75750149442524
17,"United States Minor Outlying Islands",118.12663396145567
17,"United States Minor Outlying Islands",98.19609383231797
17,"United States Minor Outlying Islands",97.5580947517879
17,"United States Minor Outlying Islands",106.00539233768318
17,"United States Minor Outlying Islands",120.08903700575766
17,"United States Minor Outlying Islands",108.08593352994843
17,"United States Minor Outlying Islands",98.55079709970747
17,"United States Minor Outlying Islands",94.01280440289851
17,"United States Minor Outlying Islands",88.58131119485242
17,"United States Minor Outlying Islands",103.70960134022057
17,"United States Minor Outlying Islands",122.37586895215232
17,"United States Minor Outlying Islands",89.57274021485462
17,"United States Minor Outlying Islands",125.05974018723374
17,"United States Minor Outlying Islands",126.603441113392
17,"United States Minor Outlying Islands",109.26288317077397
17,"United States Minor Outlying Islands",117.41641334613334
17,"United States Minor Outlying Islands",112.01259405006589
17,"United States Minor Outlying Islands",133.48438747882304
18,"New Caledonia",104.84318361563648
18,"New Caledonia",103.46238684699924
18,"New Caledonia",95.29876445759697
18,"New Caledonia",74.21514016597907
18,"New Caledonia",91.81104416534929
18,"New Caledonia",102.20891956420489
18,"New Caledonia",112.98094954323608
18,"New Caledonia",115.87371238243304
18,"New Caledonia",129.17101864595426
18,"New Caledonia",85.04561320211407
18,"New Caledonia",126.20171637434827
18,"New Caledonia",90.05881215877581
18,"New Caledonia",109.67167115292995
18,"New Caledonia",136.56743961108418
18,"New Caledonia",96.27297302887229
18,"New Caledonia",127.20928950426274
18,"New Caledonia",124.64003412744898
18,"New Caledonia",116.30427976828804
18,"New Caledonia",119.84395657596582
18,"New Caledonia",125.04486487152067
18,"New Caledonia",94.89254039780452
18,"New Caledonia",116.92799929510568
18,"New Caledonia",105.0791911740607
18,"New Caledonia",119.62654839209478
18,"New Caledonia",88.7588101504646
18,"New Caledonia",101.96251148025692
18,"New Caledonia",100.5705781402128
18,"New Caledonia",102.33178864893083
18,"New Caledonia",106.232394803322
18,"New Caledonia",104.2127602828369
18,"New Caledonia",89.9529303006159
18,"New Caledonia",94.0094987998572
18,"New Caledonia",137.37835258621757
18,"New Caledonia",122.72214169487341
18,"New Caledonia",111.80376723666122
18,"New Caledonia",107.19717575737923
18,"New Caledonia",114.12543369138858
18,"New Caledonia",103.37919448853002
18,"New Caledonia",105.18575168741248
18,"New Caledonia",92.36145112055598
18,"New Caledonia",124.5026834550243
18,"New Caledonia",136.75209453052977
18,"New Caledonia",103.45823277450043
18,"New Caledonia",132.14437563309792
18,"New Caledonia",102.67969454718829
18,"New Caledonia",130.61289099431826
18,"New Caledonia",108.68581776322155
18,"New Caledonia",129.63155236005946
18,"New Caledonia",103.39603017324299
18,"New Caledonia",123.79582249349444
18,"New Caledonia",104.19448220916367
18,"New Caledonia",112.0329071506131
18,"New Caledonia",97.10439323705108
18,"New Caledonia",100.10229607845139
18,"New Caledonia",107.70780683882256
18,"New Caledonia",135.4644464737493
18,"New Caledonia",113.87898748966036
18,"New Caledonia",93.82213399612357
18,"New Caledonia",99.75714416490253
18,"New Caledonia",106.33497151221799
18,"New Caledonia",121.0938380950748
18,"New Caledonia",119.01485313326909
18,"New Caledonia",104.37269866562792
18,"New Caledonia",109.76897958533061
18,"New Caledonia",108.97059845091353
18,"New Caledonia",107.34721340648179
18,"New Caledonia",103.35303852653006
18,"New Caledonia",112.26982341524305
18,"New Caledonia",101.81933991262215
18,"New Caledonia",112.01059313678236
18,"New Caledonia",100.9076445091158
18,"New Caledonia",128.14731021470305
18,"New Caledonia",128.24496812347945
18,"New Caledonia",120.60662414433953
18,"New Caledonia",82.42351694399288
18,"New Caledonia",104.1617912754179
18,"New Caledonia",116.94357379168669
18,"New Caledonia",97.31222576109138
18,"New Caledonia",97.50303998792789
18,"New Caledonia",124.97697213640787
18,"New Caledonia",116.84610336458285
18,"New Caledonia",118.59794236689088
18,"New Caledonia",129.04839201273978
18,"New Caledonia",115.04303571953423
18,"New Caledonia",101.30887456898965
18,"New Caledonia",119.85058560147739
18,"New Caledonia",115.68889044585579
18,"New Caledonia",120.26345498187887
18,"New Caledonia",107.41177317676942
18,"New Caledonia",143.57869888699193
18,"New Caledonia",117.56174371497465
18,"New Caledonia",131.057690603266
18,"New Caledonia",114.41655923487072
18,"New Caledonia",127.9781562910405
18,"New Caledonia",108.56959946492519
18,"New Caledonia",125.7979333470075
18,"New Caledonia",112.68054358011251
18,"New Caledonia",129.89814166158607
18,"New Caledonia",119.0556527605839
18,"New Caledonia",122.64519921660266
18,"New Caledonia",120.308158848932
18,"New Caledonia",116.10373806655856
18,"New Caledonia",122.8071656303973
18,"New Caledonia",105.15323403385732
18,"New Caledonia",104.72360394842852
18,"New Caledonia",116.89851306975105
18,"Antigua and Barbuda",120.48986005476868
18,"Antigua and Barbuda",122.33473084338948
18,"Antigua and Barbuda",131.6119662564556
18,"Antigua and Barbuda",128.4569438374458
18,"Antigua and Barbuda",94.36410278337829
18,"Antigua and Barbuda",142.16824617632227
18,"Antigua and Barbuda",124.5915032830769
18,"Antigua and Barbuda",123.99645827920709
18,"Antigua and Barbuda",83.86990331059545
18,"Antigua and Barbuda",112.85856675734163
18,"Antigua and Barbuda",109.72297022084504
18,"Antigua and Barbuda",118.18145280618347
18,"Antigua and Barbuda",121.97359853297155
18,"Antigua and Barbuda",114.18925233039536
18,"Antigua and Barbuda",109.33215409418287
18,"Antigua and Barbuda",124.73460881401223
18,"Antigua and Barbuda",110.47369687309703
18,"Antigua and Barbuda",111.68207137169486
18,"Antigua and Barbuda",103.71234938953863
18,"Antigua and Barbuda",130.6871042871265
18,"Antigua and Barbuda",97.23424903491176
18,"Antigua and Barbuda",127.37834032573227
18,"Antigua and Barbuda",118.47610305808314
18,"Antigua and Barbuda",96.77362639836036
18,"Antigua and Barbuda",80.24912778655835
18,"Antigua and Barbuda",85.27285203406818
18,"Antigua and Barbuda",88.80049030719869
18,"Antigua and Barbuda",118.55630162249793
18,"Antigua and Barbuda",108.43170043952918
18,"Antigua and Barbuda",124.20755674796153
18,"Antigua and Barbuda",125.80920240294972
18,"Antigua and Barbuda",112.9643726246642
18,"Antigua and Barbuda",118.94621115422763
18,"Antigua and Barbuda",127.37628507547079
18,"Antigua and Barbuda",114.03929036720614
18,"Antigua and Barbuda",125.81308169461651
18,"Antigua and Barbuda",128.65419117207674
18,"Antigua and Barbuda",118.0104763425667
18,"Antigua and Barbuda",135.38301666114458
18,"Antigua and Barbuda",100.27723513848235
18,"Antigua and Barbuda",106.44219250920828
18,"Antigua and Barbuda",80.9281607526878
18,"Antigua and Barbuda",94.35536853358596
18,"Antigua and Barbuda",118.36324912401119
18,"Antigua and Barbuda",134.84999108369266
18,"Antigua and Barbuda",127.58254352746613
18,"Antigua and Barbuda",102.20893374980498
18,"Antigua and Barbuda",90.53316424555913
18,"Antigua and Barbuda",125.06737904051653
18,"Antigua and Barbuda",140.458524975863
18,"Antigua and Barbuda",134.8064801074306
18,"Antigua and Barbuda",114.54880600431592
18,"Antigua and Barbuda",131.61984189786037
18,"Antigua and Barbuda",106.64836803878909
18,"Antigua and Barbuda",123.63179066729711
18,"Antigua and Barbuda",84.82022139734299
18,"Antigua and Barbuda",118.38591541917076
18,"Antigua and Barbuda",116.80573459950404
18,"Antigua and Barbuda",103.3445663924815
18,"Antigua and Barbuda",110.74584991925377
18,"Antigua and Barbuda",113.83561303515837
18,"Antigua and Barbuda",104.05506936688363
18,"Antigua and Barbuda",115.08161255104415
18,"Antigua and Barbuda",106.522191696411
18,"Antigua and Barbuda",126.7906677680372
18,"Antigua and Barbuda",105.06857979464014
18,"Antigua and Barbuda",81.36282275044499
18,"Antigua and Barbuda",99.31092398637048
18,"Antigua and Barbuda",115.38961606250187
18,"Antigua and Barbuda",108.52993313493158
18,"Antigua and Barbuda",116.5084104700663
18,"Antigua and Barbuda",114.50130185394397
18,"Antigua and Barbuda",87.35533948996554
18,"Antigua and Barbuda",113.13230155944058
18,"Antigua and Barbuda",126.1151394046232
18,"Antigua and Barbuda",99.12676241730742
18,"Antigua and Barbuda",108.00989509638141
18,"Antigua and Barbuda",98.8458674803546
18,"Antigua and Barbuda",113.54019761989348
18,"Antigua and Barbuda",109.73313218657842
18,"Antigua and Barbuda",118.01738176198462
18,"Antigua and Barbuda",103.08091264605214
18,"Antigua and Barbuda",97.95829090912498
18,"Antigua and Barbuda",128.17254550935652
18,"Antigua and Barbuda",95.40328953092529
18,"Antigua and Barbuda",89.59474345352777
18,"Antigua and Barbuda",125.09658862390297
18,"Antigua and Barbuda",113.42812004239774
18,"Antigua and Barbuda",110.10270631998262
18,"Antigua and Barbuda",120.25254844307612
18,"Antigua and Barbuda",120.27170952332365
18,"Antigua and Barbuda",112.12563472629729
18,"Antigua and Barbuda",132.35611206413333
18,"Antigua and Barbuda",124.57414110584821
18,"Antigua and Barbuda",117.5387531228712
18,"Antigua and Barbuda",116.0932968407011
18,"Antigua and Barbuda",126.46689715679112
18,"Antigua and Barbuda",101.12481652062314
18,"Antigua and Barbuda",131.46036251462016
18,"Antigua and Barbuda",114.0927994615348
18,"Antigua and Barbuda",132.95623867493708
18,"Antigua and Barbuda",105.94147007883481
18,"Antigua and Barbuda",98.20940127744805
18,"Antigua and Barbuda",118.32405982614257
18,"Antigua and Barbuda",120.10020826461763
18,"Antigua and Barbuda",90.58679444069764
18,"Antigua and Barbuda",113.87359893521287
18,"Antigua and Barbuda",102.83933273645141
18,"Antigua and Barbuda",124.10092950154846
18,"Antigua and Barbuda",154.2091948858913
18,"Antigua and Barbuda",107.5145776335099
18,"Antigua and Barbuda",123.43781515387349
18,"Antigua and Barbuda",139.52932949243598
18,"Antigua and Barbuda",118.15797820258081
18,"Antigua and Barbuda",120.07498229723407
18,"Antigua and Barbuda",129.12826962626198
18,"Antigua and Barbuda",93.60867488700507
18,"Antigua and Barbuda",121.49412623698663
18,"Antigua and Barbuda",106.82650421440225
18,"Antigua and Barbuda",123.77688344403663
18,"Antigua and Barbuda",94.36754783501968
19,"Gabon",101.96536008114562
19,"Gabon",113.24064380328501
19,"Gabon",131.11758379249574
19,"Gabon",124.85430611919502
19,"Gabon",121.60012935375511
19,"Gabon",122.96159527584325
19,"Gabon",109.45210165825453
19,"Gabon",116.00357560705271
19,"Gabon",130.38361421801332
19,"Gabon",99.29418690882477
19,"Gabon",124.5003900148549
19,"Gabon",116.20107904460542
19,"Gabon",117.15563648985194
19,"Gabon",120.0798028392849
19,"Gabon",111.27671108511987
19,"Gabon",121.98923975610568
19,"Gabon",113.77980613867413
19,"Gabon",110.65009361310172
19,"Gabon",134.31108530000736
19,"Gabon",115.86511353246041
19,"Gabon",118.03384167458586
19,"Gabon",118.31647473930444
19,"Gabon",116.35222925947608
19,"Gabon",119.7136369001006
19,"Gabon",111.59687618372217
19,"Gabon",84.43077142529391
19,"Gabon",116.62002374212565
19,"Gabon",92.4745003751232
19,"Gabon",127.22750949105514
19,"Gabon",120.80073949525706
19,"Gabon",115.22681034490246
19,"Gabon",131.7082953945278
19,"Gabon",99.70856135068294
19,"Gabon",90.28482494356818
19,"Gabon",122.49873806622892
19,"Gabon",126.20085002927901
19,"Gabon",126.79822969593104
19,"Gabon",109.46954707995162
19,"Gabon",106.28434459573074
19,"Gabon",97.1906542708128
19,"Gabon",103.29553084282995
19,"Gabon",121.92988540736538
19,"Gabon",104.49190148745276
19,"Gabon",113.19397601902595
19,"Gabon",112.66608884504659
19,"Gabon",112.09140239402007
19,"Gabon",118.39994988663716
19,"Gabon",108.83945733499093
19,"Gabon",99.85076670718786
19,"Gabon",127.96949246285638
19,"Gabon",122.25130157506642
19,"Gabon",145.95440267856452
19,"Gabon",114.65678366824262
19,"Gabon",114.26740513509512
19,"Gabon",127.86711247602949
19,"Gabon",98.574706824464
19,"Gabon",111.1604689570676
19,"Gabon",98.37042595622583
19,"Gabon",107.7653837116694
19,"Gabon",110.40965035704033
19,"Gabon",103.84677042920677
19,"Gabon",101.09246489995321
19,"Gabon",115.25978472545407
19,"Gabon",122.33633766321681
19,"Gabon",115.23214894207734
19,"Gabon",110.58021916568977
19,"Gabon",107.12167757479327
19,"Gabon",88.99160955202044
19,"Gabon",113.3028585312412
19,"Gabon",112.04431395474285
19,"Gabon",107.12979520861927
19,"Gabon",116.82158223619781
19,"Gabon",127.49698695217053
19,"Gabon",120.57760991826237
19,"Gabon",104.20043464548102
19,"Gabon",102.66142258380731
19,"Gabon",106.11246790983714
19,"Gabon",115.43718542519844
19,"Gabon",117.63847845862573
19,"Gabon",116.26638613792271
19,"Gabon",121.36599455483375
19,"Gabon",109.98208497951742
19,"Gabon",96.90437024333922
19,"Gabon",121.81633739020658
19,"Gabon",107.84641716628585
19,"Gabon",122.87180112051506
19,"Gabon",131.93579534256122
19,"Gabon",109.81918477834742
19,"Gabon",136.08147024122553
19,"Gabon",114.30777668204396
19,"Gabon",102.48084282534974
19,"Gabon",114.54145109124376
19,"Gabon",120.75885913208654
19,"Gabon",129.36186029048298
19,"Gabon",130.63003338336165
19,"Gabon",121.77049084612578
19,"Gabon",125.27471457911669
19,"Gabon",131.0489124565827
19,"Gabon",120.02536018885931
19,"Gabon",101.2039434805633
19,"Gabon",96.36094882677239
19,"Gabon",104.47246662399286
19,"Gabon",117.04235290281215
19,"Gabon",112.54970534683383
19,"Gabon",112.97522136204155
19,"Gabon",99.46806833964021
19,"Gabon",137.3646278716646
19,"Gabon",129.11151824111516
19,"Gabon",107.61699736002836
19,"Gabon",117.12311983705568
19,"Gabon",110.50939016359304
19,"Gabon",140.31513764370794
19,"Gabon",108.93142144842359
19,"Gabon",128.19712363793425
19,"Gabon",102.00177931301845
19,"Gabon",107.42890645353958
19,"Gabon",133.17746490673093
19,"Gabon",88.39915573153891
19,"Nicaragua",108.10830415111631
19,"Nicaragua",115.61621129743293
19,"Nicaragua",94.32980491325624
19,"Nicaragua",88.87000449258254
19,"Nicaragua",118.02097304964451
19,"Nicaragua",113.50067031542207
19,"Nicaragua",107.58768397413499
19,"Nicaragua",90.58752610656087
19,"Nicaragua",96.89444374020214
19,"Nicaragua",121.1791245803605
19,"Nicaragua",117.66588359811912
19,"Nicaragua",106.47628427707689
19,"Nicaragua",107.78414003611245
19,"Nicaragua",110.56835301864646
19,"Nicaragua",127.8765738782377
19,"Nicaragua",110.82823714352021
19,"Nicaragua",118.60979746162246
19,"Nicaragua",122.37111641180942
19,"Nicaragua",95.69228134589436
19,"Nicaragua",136.26564946107777
19,"Nicaragua",101.0990229619359
19,"Nicaragua",119.02624538596426
19,"Nicaragua",98.25445261981181
19,"Nicaragua",113.14705517281604
19,"Nicaragua",111.5290984999833
19,"Nicaragua",106.4243187000786
19,"Nicaragua",104.79291662186421
19,"Nicaragua",91.10084147918266
19,"Nicaragua",104.3791981153773
19,"Nicaragua",107.25103103779668
19,"Nicaragua",100.94910277163606
19,"Nicaragua",121.55963678701688
19,"Nicaragua",106.67897680201618
19,"Nicaragua",85.40759665000309
19,"Nicaragua",114.97967252767815
19,"Nicaragua",98.21727923172105
19,"Nicaragua",109.50996337806359
19,"Nicaragua",90.35033508916169
19,"Nicaragua",99.06406458938643
19,"Nicaragua",98.14506505559656
19,"Nicaragua",89.5238111560074
19,"Nicaragua",107.78590469515555
19,"Nicaragua",96.5647206766132
19,"Nicaragua",111.47666027519848
19,"Nicaragua",112.06039396119388
19,"Nicaragua",90.60944973897679
19,"Nicaragua",118.39798494267241
19,"Nicaragua",105.71736949492907
19,"Nicaragua",122.9985094031805
19,"Nicaragua",132.29413821229406
19,"Nicaragua",95.5439231244921
19,"Nicaragua",100.362020892372
19,"Nicaragua",119.82360858804316
19,"Nicaragua",120.04025293607671
19,"Nicaragua",93.4017388208682
19,"Nicaragua",105.77148749415437
19,"Nicaragua",118.28627749009551
19,"Nicaragua",98.7693762329874
19,"Nicaragua",119.26752586334234
19,"Nicaragua",119.17645644044524
19,"Nicaragua",99.05694990844074
19,"Nicaragua",111.07818540950407
19,"Nicaragua",106.94859701218729
19,"Nicaragua",115.47924689961414
19,"Nicaragua",112.79198260533059
19,"Nicaragua",122.20745085871987
19,"Nicaragua",114.176950248462
19,"Nicaragua",97.51849016215452
19,"Nicaragua",115.88191310467855
19,"Nicaragua",105.22757975548717
19,"Nicaragua",122.62566732806809
19,"Nicaragua",109.37450660331095
19,"Nicaragua",111.4635532245731
19,"Nicaragua",130.48140546147042
19,"Nicaragua",121.08793535476745
19,"Nicaragua",103.41104172542815
19,"Nicaragua",114.12120071110374
19,"Nicaragua",110.29486723174347
19,"Nicaragua",116.72143606258935
19,"Nicaragua",97.06148565600373
19,"Nicaragua",109.50566032197098
19,"Nicaragua",113.33353695838859
19,"Nicaragua",99.99371280553308
19,"Nicaragua",125.91630132966556
19,"Nicaragua",105.10891611099264
19,"Nicaragua",118.64770232173802
19,"Nicaragua",126.3707336585476
19,"Nicaragua",114.25650881583852
19,"Nicaragua",106.83326583954903
19,"Nicaragua",103.02353069531452
19,"Nicaragua",112.80843663710779
19,"Nicaragua",85.57575731468242
19,"Nicaragua",95.407183149226
19,"Nicaragua",113.48250108374285
19,"Nicaragua",103.74265290931845
19,"Nicaragua",104.18026124863124
19,"Nicaragua",112.67219774829968
19,"Nicaragua",105.22034204927226
19,"Nicaragua",114.362216725011
19,"Nicaragua",114.16672212821477
19,"Nicaragua",122.82530411886918
19,"Nicaragua",119.83080133738578
19,"Nicaragua",113.28920188765207
19,"Nicaragua",108.0613521660478
19,"Nicaragua",98.02987994806688
19,"Nicaragua",112.70595403475453
19,"Nicaragua",115.30454688160582
19,"Nicaragua",105.93611899263354
19,"Nicaragua",87.50126220452947
19,"Nicaragua",112.7998676474908
19,"Nicaragua",97.59422930636893
19,"Nicaragua",91.84976534844438
19,"Nicaragua",107.5473530820165
19,"Nicaragua",106.40119195168276
19,"Nicaragua",114.73673384006048
19,"Nicaragua",89.06134188017573
19,"Nicaragua",111.87530550229796
19,"Nicaragua",110.8719056483074
19,"Nicaragua",118.52370026817891
19,"Nicaragua",97.42773341582699
19,"Nicaragua",108.74458082155822
19,"Nicaragua",110.75475065638278
19,"Nicaragua",107.8930677380801
20,"Somalia",95.90347991501837
20,"Somalia",107.39479927081702
20,"Somalia",108.62865734056022
20,"Somalia",94.87269865643796
20,"Somalia",124.84653196894492
20,"Somalia",100.53675856624733
20,"Somalia",120.6095681596973
20,"Somalia",89.90899682855016
20,"Somalia",97.85808812770395
20,"Somalia",92.65647861150893
20,"Somalia",90.63957171030125
20,"Somalia",100.83771090593761
20,"Somalia",102.94982298618739
20,"Somalia",113.69045849946717
20,"Somalia",98.80169392688853
20,"Somalia",95.16980200318362
20,"Somalia",91.6123745961434
20,"Somalia",90.85208808047891
20,"Somalia",88.20066416585355
20,"Somalia",85.74964992121446
20,"Somalia",99.02031944500978
20,"Somalia",91.44393113364319
20,"Somalia",101.3819864096831
20,"Somalia",90.18451400906021
20,"Somalia",110.71775969355602
20,"Somalia",107.75971518139441
20,"Somalia",100.80064119128221
20,"Somalia",95.15027203421728
20,"Somalia",93.30187746314228
20,"Somalia",91.51515020445188
20,"Somalia",105.70600096593321
20,"Somalia",108.85055085631737
20,"Somalia",106.63467925811266
20,"Somalia",83.22734609676954
20,"Somalia",95.7471739333527
20,"Somalia",101.69169036610512
20,"Somalia",115.03804025873396
20,"Somalia",94.93531238857918
20,"Somalia",111.26090862468439
20,"Somalia",119.75882653241463
20,"Somalia",107.57186088818354
20,"Somalia",105.20829833625535
20,"Somalia",103.06270525221905
20,"Somalia",106.26192395233609
20,"Somalia",105.51010014296202
20,"Somalia",114.89231602736643
20,"Somalia",128.6355293264162
20,"Somalia",85.11845395914159
20,"Somalia",94.22278321484517
20,"Somalia",95.80369392560095
20,"Somalia",87.11186286415084
20,"Somalia",92.98593533710576
20,"Somalia",97.85538871039667
20,"Somalia",86.4933022367639
20,"Somalia",103.11891322458051
20,"Somalia",96.6966062879935
20,"Somalia",109.48318172791822
20,"Somalia",97.08831227977252
20,"Somalia",115.0389797625951
20,"Somalia",94.83744398234954
20,"Somalia",94.94315212007281
20,"Somalia",96.8542944552885
20,"Somalia",101.20356917618456
20,"Somalia",107.89308960809645
20,"Somalia",94.99221449973317
20,"Somalia",105.6219419632561
20,"Somalia",105.00425644609042
20,"Somalia",103.44787523357942
20,"Somalia",114.35385393908336
20,"Somalia",97.13524012449041
20,"Somalia",86.81914428578737
20,"Somalia",101.30981736151193
20,"Somalia",93.65967502207663
20,"Somalia",98.38508813944391
20,"Somalia",92.33356082377377
20,"Somalia",107.55942235761145
20,"Somalia",116.06681754433642
20,"Somalia",108.91755768533224
20,"Somalia",86.5695264524594
20,"Somalia",100.5017875142727
20,"Somalia",91.02729255137604
20,"Somalia",116.82595642925486
20,"Somalia",106.44714533831521
20,"Somalia",109.99476586558295
20,"Somalia",111.70926324292402
20,"Somalia",88.10207770301618
20,"Somalia",114.68505245003631
20,"Somalia",97.45993833255893
20,"Somalia",89.04462530409761
20,"Somalia",99.886652490668
20,"Somalia",97.77244554036025
20,"Somalia",100.59837521383464
20,"Somalia",112.69471745482832
20,"Somalia",96.50244401610013
20,"Somalia",110.98282790678088
20,"Somalia",113.836496492625
20,"Somalia",102.40925579050175
20,"Somalia",87.65618399543251
20,"Somalia",96.23771388762141
20,"Somalia",104.68710781927429
20,"Somalia",119.311226271517
20,"Somalia",108.470713809256
20,"Somalia",114.97015259921979
20,"Somalia",95.05017075302639
20,"Somalia",109.01236488091484
20,"Somalia",88.94758656660183
20,"Somalia",107.70160797057005
20,"Somalia",111.97074223783761
20,"Somalia",85.63336320520122
20,"Somalia",117.90105645967971
20,"Somalia",88.01084478559007
20,"Somalia",102.11575864079663
20,"Somalia",99.56879686423184
20,"Somalia",119.62724385836808
20,"Somalia",99.64442574432404
20,"Somalia",106.73367133254317
20,"Somalia",91.19965297979327
20,"Somalia",90.37771924574903
20,"Montenegro",123.13475261206638
20,"Montenegro",79.17548868591258
20,"Montenegro",114.31243975489593
20,"Montenegro",79.86525350928062
20,"Montenegro",112.64615150991806
20,"Montenegro",107.23863308731359
20,"Montenegro",120.42167471485786
20,"Montenegro",123.06644603867275
20,"Montenegro",98.49935777795554
20,"Montenegro",110.3208829700029
20,"Montenegro",85.02927340040134
20,"Montenegro",110.92968197696868
20,"Montenegro",118.090548093693
20,"Montenegro",94.66970878975992
20,"Montenegro",108.40081568235959
20,"Montenegro",92.07381972798031
20,"Montenegro",113.31836961658645
20,"Montenegro",130.0209221966413
20,"Montenegro",107.68159482361654
20,"Montenegro",98.69001422981363
20,"Montenegro",95.86751348425221
20,"Montenegro",92.85522570772437
20,"Montenegro",110.20484886343442
20,"Montenegro",96.7627722069764
20,"Montenegro",103.97323712384883
20,"Montenegro",102.12912805053095
20,"Montenegro",99.07072750392555
20,"Montenegro",106.68161756833837
20,"Montenegro",121.67741657822182
20,"Montenegro",79.78103426474085
20,"Montenegro",110.78396608168467
20,"Montenegro",103.95267133569777
20,"Montenegro",99.15916438242942
20,"Montenegro",103.6294697787144
20,"Montenegro",103.3712571942961
20,"Montenegro",92.89946923891516
20,"Montenegro",101.31655351230354
20,"Montenegro",105.286777176748
20,"Montenegro",100.12697733755047
20,"Montenegro",100.62612554227171
20,"Montenegro",116.74785374579294
20,"Montenegro",89.08928194031064
20,"Montenegro",119.62105396709038
20,"Montenegro",94.91274364998642
20,"Montenegro",100.74680400341694
20,"Montenegro",113.76404860767465
20,"Montenegro",120.5116246929977
20,"Montenegro",101.75167671891214
20,"Montenegro",98.17760330055145
20,"Montenegro",98.57595561536516
20,"Montenegro",104.74545522431974
20,"Montenegro",94.18636687189364
20,"Montenegro",91.2132072247943
20,"Montenegro",77.89809046502913
20,"Montenegro",107.90843293039221
20,"Montenegro",94.27766605789088
20,"Montenegro",106.18964087267241
20,"Montenegro",97.87547632575018
20,"Montenegro",101.80545297771334
20,"Montenegro",117.07355318218286
20,"Montenegro",81.23792970474132
20,"Montenegro",124.6602122701566
20,"Montenegro",107.36527346517452
20,"Montenegro",117.4433718792974
20,"Montenegro",97.8899356034868
20,"Montenegro",109.20388205180664
20,"Montenegro",105.7486461784162
20,"Montenegro",128.11692479412807
20,"Montenegro",117.18461559913399
20,"Montenegro",97.76300538835099
20,"Montenegro",89.16222656535903
20,"Montenegro",96.34472076709056
20,"Montenegro",87.79991338866198
20,"Montenegro",104.43863369624104
20,"Montenegro",111.69420300369616
20,"Montenegro",97.98372246172444
20,"Montenegro",112.03217031265295
20,"Montenegro",100.75592501940794
20,"Montenegro",98.42101556321154
20,"Montenegro",103.42109538921918
20,"Montenegro",114.60664917049833
20,"Montenegro",106.73116382439277
20,"Montenegro",95.25883481789546
20,"Montenegro",86.72049170150493
20,"Montenegro",112.84065738350384
20,"Montenegro",86.01758923755041
20,"Montenegro",108.95199920825297
20,"Montenegro",112.9422107990307
20,"Montenegro",92.69698693715365
20,"Montenegro",76.29292383285159
20,"Montenegro",108.81729411235902
20,"Montenegro",108.64354440422484
20,"Montenegro",81.26747746678268
20,"Montenegro",114.07087195824057
20,"Montenegro",113.23726825507732
20,"Montenegro",99.42880346474487
20,"Montenegro",98.02921471201186
20,"Montenegro",102.69022270567619
20,"Montenegro",98.6740490176787
20,"Montenegro",91.43978517677682
20,"Montenegro",104.05089286009996
20,"Montenegro",104.67680282591748
20,"Montenegro",109.52491381201781
20,"Montenegro",107.25389094058734
20,"Montenegro",118.12427982787698
20,"Montenegro",101.43143950707112
20,"Montenegro",78.40900598051371
20,"Montenegro",103.76068435606356
20,"Montenegro",104.44739847276931
20,"Montenegro",104.97359674846487
20,"Montenegro",103.40135533383375
20,"Montenegro",103.92166287989825
20,"Montenegro",111.28369375857837
20,"Montenegro",80.96019349872613
20,"Montenegro",94.0075283896604
20,"Montenegro",121.25634205512267
20,"Montenegro",75.76085180926162
20,"Montenegro",97.71901764144935
20,"Montenegro",105.47889623766643
